"Model","Slope_group","k","AIC","Delta_AIC"
"Piecewise","Early: TM | TMd21 | SOL | IC  |  Late: TM & SOL | TMd21 | IC",11,172.720733177705,0
"Piecewise","Early: TM & SOL | TMd21 | IC  |  Late: TM | TMd21 | SOL | IC",11,172.963641847277,0.242908669572159
"Piecewise","Early: TM | TMd21 & IC | SOL  |  Late: TM & SOL | TMd21 | IC",10,172.979860956046,0.259127778341679
"Piecewise","Early: TM & SOL | TMd21 & IC  |  Late: TM | TMd21 | SOL | IC",10,173.219527364113,0.49879418640873
"Piecewise","Early: TM | TMd21 & IC | SOL  |  Late: TM & SOL | TMd21 & IC",9,173.537205419159,0.816472241454164
"Piecewise","Early: TM | TMd21 | SOL | IC  |  Late: TM & SOL | TMd21 & IC",10,173.767367666855,1.04663448915053
"Piecewise","Early: TM & SOL | TMd21 & IC  |  Late: TM | TMd21 & IC | SOL",9,173.773253725575,1.05252054787013
"Piecewise","Early: TM & SOL | TMd21 | IC  |  Late: TM | TMd21 & IC | SOL",10,174.005914053406,1.28518087570177
"Piecewise","Early: TM & SOL | TMd21 | IC  |  Late: TM & SOL | TMd21 | IC",10,174.16114997047,1.44041679276555
"Piecewise","Early: TM | TMd21 | SOL | IC  |  Late: TM | TMd21 | SOL & IC",11,174.347858402608,1.62712522490298
"Piecewise","Early: TM | TMd21 | SOL | IC  |  Late: TM | TMd21 | SOL | IC",12,174.374145878849,1.65341270114482
"Piecewise","Early: TM & SOL | TMd21 & IC  |  Late: TM & SOL | TMd21 | IC",9,174.374784670224,1.65405149251956
"Piecewise","Early: TM & SOL | TMd21 | IC  |  Late: TM & IC | TMd21 | SOL",10,174.385809158699,1.66507598099443
"Piecewise","Early: TM | TMd21 | SOL | IC  |  Late: TM & SOL & IC | TMd21",10,174.53842804724,1.81769486953539
"Piecewise","Early: TM | TMd21 & IC | SOL  |  Late: TM | TMd21 | SOL | IC",11,174.637907800668,1.91717462296293
"Piecewise","Early: TM | TMd21 | SOL & IC  |  Late: TM | TMd21 | SOL & IC",10,174.693380939121,1.97264776141643
"Piecewise","Early: TM | TMd21 | SOL & IC  |  Late: TM & IC | TMd21 | SOL",10,174.724846075156,2.00411289745176
"Piecewise","Early: TM | TMd21 | SOL & IC  |  Late: TM | TMd21 | SOL | IC",11,174.769601398749,2.04886822104453
"Piecewise","Early: TM | TMd21 | SOL & IC  |  Late: TM & SOL & IC | TMd21",9,174.85377401151,2.13304083380547
"Piecewise","Early: TM & SOL | TMd21 & IC  |  Late: TM & SOL | TMd21 & IC",8,174.881349025256,2.1606158475515
"Piecewise","Early: TM & SOL | TMd21 | IC  |  Late: TM & SOL | TMd21 & IC",9,175.146573386512,2.42584020880761
"Piecewise","Early: TM & SOL | TMd21 | IC  |  Late: TM | TMd21 | SOL & IC",10,175.161173079064,2.44043990135978
"Piecewise","Early: TM | TMd21 | SOL & IC  |  Late: TM & SOL | TMd21 | IC",10,175.182615832617,2.46188265491281
"Piecewise","Early: TM | TMd21 & IC | SOL  |  Late: TM | TMd21 & IC | SOL",10,175.200423336661,2.47969015895677
"Piecewise","Early: TM | TMd21 | SOL | IC  |  Late: TM | TMd21 & IC | SOL",11,175.427015300521,2.70628212281622
"Piecewise","Early: TM & IC | TMd21 | SOL  |  Late: TM | TMd21 | SOL & IC",10,175.762734094345,3.04200091664021
"Piecewise","Early: TM & SOL & IC | TMd21  |  Late: TM | TMd21 | SOL & IC",9,175.767364067488,3.04663088978299
"Piecewise","Early: TM & SOL & IC | TMd21  |  Late: TM | TMd21 | SOL | IC",10,175.878661645094,3.15792846738958
"Piecewise","Early: TM & SOL | TMd21 | IC  |  Late: TM & SOL & IC | TMd21",9,175.902313834665,3.18158065696031
"Piecewise","Early: TM & IC | TMd21 | SOL  |  Late: TM & SOL | TMd21 | IC",10,176.092326847467,3.37159366976195
"Piecewise","Early: TM | TMd21 | SOL | IC  |  Late: TM & IC | TMd21 | SOL",11,176.319637163708,3.59890398600328
"Piecewise","Early: TM & SOL & IC | TMd21  |  Late: TM & SOL | TMd21 | IC",9,176.984825361697,4.26409218399192
"Piecewise","Early: TM & IC | TMd21 | SOL  |  Late: TM | TMd21 | SOL | IC",11,177.6798586302,4.95912545249575
"Piecewise","Early: TM & SOL & IC | TMd21  |  Late: TM & SOL & IC | TMd21",8,181.560407620017,8.83967444231223
"Piecewise","Early: TM | TMd21 & SOL & IC  |  Late: TM | TMd21 & SOL | IC",9,182.459736749551,9.73900357184661
"Piecewise","Early: TM | TMd21 & SOL & IC  |  Late: TM | TMd21 & SOL & IC",8,182.777864862134,10.0571316844298
"Piecewise","Early: TM | TMd21 & SOL | IC  |  Late: TM | TMd21 & SOL & IC",9,182.906477416095,10.1857442383909
"Piecewise","Early: TM | TMd21 & IC | SOL  |  Late: TM | TMd21 & SOL & IC",9,183.028753176981,10.3080199992759
"Piecewise","Early: TM | TMd21 & IC | SOL  |  Late: TM | TMd21 | SOL & IC",10,183.069429093527,10.3486959158224
"Piecewise","Early: TM | TMd21 & SOL | IC  |  Late: TM | TMd21 & SOL | IC",10,183.085739738289,10.365006560584
"Piecewise","Early: TM & SOL & IC | TMd21  |  Late: TM & IC | TMd21 | SOL",9,183.511939898957,10.7912067212524
"Piecewise","Early: TM & IC | TMd21 | SOL  |  Late: TM & SOL & IC | TMd21",9,183.529149032857,10.8084158551525
"Piecewise","Early: TM | TMd21 & SOL & IC  |  Late: TM | TMd21 & IC | SOL",9,183.902970583837,11.1822374061326
"Piecewise","Early: TM | TMd21 | SOL & IC  |  Late: TM | TMd21 & SOL | IC",10,184.121486053894,11.4007528761893
"Piecewise","Early: TM | TMd21 & SOL & IC  |  Late: TM | TMd21 | SOL & IC",9,184.231915292588,11.5111821148834
"Piecewise","Early: TM | TMd21 & IC | SOL  |  Late: TM | TMd21 & SOL | IC",10,184.296219646046,11.5754864683413
"Piecewise","Early: TM | TMd21 & SOL & IC  |  Late: TM | TMd21 | SOL | IC",10,184.436513859148,11.7157806814429
"Piecewise","Early: TM | TMd21 | SOL | IC  |  Late: TM | TMd21 & SOL & IC",10,184.593160389511,11.8724272118066
"Piecewise","Early: TM | TMd21 & SOL | IC  |  Late: TM & IC | TMd21 & SOL",9,184.746822276932,12.0260890992274
"Piecewise","Early: TM | TMd21 | SOL & IC  |  Late: TM | TMd21 & SOL & IC",9,184.774868577397,12.0541353996928
"Piecewise","Early: TM | TMd21 & SOL | IC  |  Late: TM | TMd21 | SOL & IC",10,184.863812103548,12.1430789258432
"Piecewise","Early: TM | TMd21 & SOL | IC  |  Late: TM | TMd21 & IC | SOL",10,184.90606824919,12.1853350714858
"Piecewise","Early: TM | TMd21 | SOL | IC  |  Late: TM | TMd21 & SOL | IC",11,184.993708768275,12.2729755905703
"Piecewise","Early: TM | TMd21 & SOL | IC  |  Late: TM | TMd21 | SOL | IC",11,185.010537469614,12.2898042919092
"Piecewise","Early: TM & IC | TMd21 | SOL  |  Late: TM & IC | TMd21 | SOL",10,185.324221956039,12.6034887783343
"Piecewise","Early: TM | TMd21 | SOL & IC  |  Late: TM | TMd21 & IC | SOL",10,185.698082868842,12.9773496911371
"Piecewise","Early: TM & IC | TMd21 & SOL  |  Late: TM | TMd21 & SOL | IC",9,186.010421443248,13.289688265543
"Piecewise","Early: TM | TMd21 | SOL | IC  |  Late: TM & IC | TMd21 & SOL",10,186.656775697326,13.9360425196213
"Piecewise","Early: TM | TMd21 & SOL | IC  |  Late: TM & IC | TMd21 | SOL",10,186.673241455331,13.9525082776267
"Piecewise","Early: TM & IC | TMd21 | SOL  |  Late: TM | TMd21 & SOL | IC",10,187.921049780939,15.2003166032347
"Piecewise","Early: TM & IC | TMd21 & SOL  |  Late: TM | TMd21 | SOL | IC",10,187.937392097938,15.2166589202334
"Piecewise","Early: TM | TMd21 & IC | SOL  |  Late: TM & TMd21 & IC | SOL",9,188.274074302547,15.5533411248423
"Piecewise","Early: TM | TMd21 & IC | SOL  |  Late: TM & IC | TMd21 | SOL",10,188.476609573661,15.7558763959567
"Piecewise","Early: TM & IC | TMd21 | SOL  |  Late: TM & TMd21 | SOL | IC",10,189.22061381102,16.4998806333149
"Piecewise","Early: TM | TMd21 & IC | SOL  |  Late: TM & TMd21 | SOL | IC",10,189.809899451378,17.0891662736734
"Piecewise","Early: TM | TMd21 | SOL | IC  |  Late: TM & TMd21 & IC | SOL",10,190.022479349874,17.3017461721697
"Piecewise","Early: TM | TMd21 | SOL | IC  |  Late: TM & TMd21 | SOL & IC",10,190.466707694496,17.7459745167911
"Piecewise","Early: TM | TMd21 | SOL & IC  |  Late: TM & TMd21 | SOL & IC",9,190.573925957959,17.8531927802543
"Piecewise","Early: TM | TMd21 | SOL | IC  |  Late: TM & TMd21 | SOL | IC",11,190.695851085806,17.9751179081011
"Piecewise","Early: TM | TMd21 | SOL & IC  |  Late: TM & TMd21 | SOL | IC",10,190.845381080611,18.1246479029068
"Piecewise","Early: TM & TMd21 & IC | SOL  |  Late: TM | TMd21 & IC | SOL",9,191.233322928654,18.5125897509495
"Piecewise","Early: TM & TMd21 & IC | SOL  |  Late: TM & TMd21 | SOL | IC",9,191.700869716813,18.9801365391084
"Piecewise","Early: TM & TMd21 | SOL | IC  |  Late: TM & TMd21 | SOL & IC",9,191.962517945457,19.241784767752
"Piecewise","Early: TM & TMd21 | SOL & IC  |  Late: TM & TMd21 | SOL & IC",8,192.026606913533,19.3058737358289
"Piecewise","Early: TM & TMd21 & IC | SOL  |  Late: TM | TMd21 | SOL | IC",10,192.058765087679,19.3380319099741
"Piecewise","Early: TM & TMd21 | SOL | IC  |  Late: TM & TMd21 | SOL | IC",10,192.228318162407,19.5075849847026
"Piecewise","Early: TM & TMd21 | SOL & IC  |  Late: TM & TMd21 | SOL | IC",9,192.333401762884,19.6126685851796
"Piecewise","Early: TM & TMd21 | SOL | IC  |  Late: TM | TMd21 & IC | SOL",10,192.442103128882,19.7213699511769
"Piecewise","Early: TM & SOL | TMd21 & IC  |  Late: TM & TMd21 & IC | SOL",8,192.447097256681,19.7263640789765
"Piecewise","Early: TM & TMd21 | SOL | IC  |  Late: TM & TMd21 & IC | SOL",9,192.577595313808,19.856862136103
"Piecewise","Early: TM & TMd21 | SOL | IC  |  Late: TM | TMd21 | SOL & IC",10,192.611476171032,19.8907429933278
"Piecewise","Early: TM & TMd21 | SOL & IC  |  Late: TM | TMd21 | SOL & IC",9,192.692128511161,19.971395333456
"Piecewise","Early: TM & TMd21 | SOL | IC  |  Late: TM | TMd21 | SOL | IC",11,192.863200761849,20.1424675841446
"Piecewise","Early: TM & IC | TMd21 | SOL  |  Late: TM & TMd21 | SOL & IC",9,192.94956074504,20.2288275673349
"Piecewise","Early: TM & TMd21 | SOL & IC  |  Late: TM | TMd21 | SOL | IC",10,192.985351300154,20.2646181224496
"Piecewise","Early: TM & IC | TMd21 & SOL  |  Late: TM & IC | TMd21 & SOL",8,192.990186063194,20.2694528854897
"Piecewise","Early: TM & SOL | TMd21 & IC  |  Late: TM & IC | TMd21 | SOL",9,192.99898434525,20.2782511675449
"Piecewise","Early: TM & TMd21 | SOL | IC  |  Late: TM & IC | TMd21 | SOL",10,193.054760492092,20.3340273143872
"Piecewise","Early: TM & IC | TMd21 | SOL  |  Late: TM | TMd21 & IC | SOL",10,193.193359565584,20.472626387879
"Linear","TM | TMd21 & SOL & IC",6,193.55259797383,20.8318647961259
"Piecewise","Early: TM & SOL & IC | TMd21  |  Late: TM & TMd21 | SOL & IC",8,193.569409290299,20.8486761125948
"Piecewise","Early: TM | TMd21 & SOL & IC  |  Late: TM & IC | TMd21 & SOL",8,193.710480913698,20.9897477359933
"Piecewise","Early: TM | TMd21 & IC | SOL  |  Late: TM & TMd21 & SOL & IC",8,193.752335595939,21.0316024182343
"Piecewise","Early: TM & SOL | TMd21 & IC  |  Late: TM & TMd21 | SOL & IC",8,193.815666027015,21.0949328493102
"Linear","TM | TMd21 & SOL | IC",7,193.826641661661,21.1059084839562
"Piecewise","Early: TM | TMd21 | SOL & IC  |  Late: TM & IC | TMd21 & SOL",9,193.890122555899,21.1693893781941
"Piecewise","Early: TM & SOL & IC | TMd21  |  Late: TM & TMd21 | SOL | IC",9,193.891759793058,21.1710266153535
"Piecewise","Early: TM & SOL | TMd21 | IC  |  Late: TM & TMd21 | SOL & IC",9,194.053459019353,21.3327258416486
"Piecewise","Early: TM | TMd21 & SOL & IC  |  Late: TM & TMd21 & SOL & IC",7,194.197879103119,21.4771459254141
"Linear","TM | TMd21 & IC | SOL",7,194.270942195459,21.5502090177539
"Piecewise","Early: TM | TMd21 & IC | SOL  |  Late: TM & SOL & IC | TMd21",9,194.345331270885,21.6245980931803
"Piecewise","Early: TM & SOL | TMd21 & IC  |  Late: TM & TMd21 | SOL | IC",9,194.413719041478,21.6929858637736
"Piecewise","Early: TM & SOL | TMd21 | IC  |  Late: TM & TMd21 & IC | SOL",9,194.444795117287,21.7240619395829
"Piecewise","Early: TM & IC | TMd21 & SOL  |  Late: TM & TMd21 & SOL | IC",8,194.493925937439,21.773192759734
"Piecewise","Early: TM & SOL | TMd21 & IC  |  Late: TM & TMd21 & SOL & IC",7,194.685857205202,21.9651240274974
"Piecewise","Early: TM | TMd21 & SOL & IC  |  Late: TM & TMd21 & IC | SOL",8,194.704550186436,21.9838170087311
"Piecewise","Early: TM & IC | TMd21 | SOL  |  Late: TM & IC | TMd21 & SOL",9,194.905467153698,22.1847339759938
"Piecewise","Early: TM & IC | TMd21 & SOL  |  Late: TM & IC | TMd21 | SOL",9,194.920958502657,22.2002253249524
"Piecewise","Early: TM | TMd21 & SOL & IC  |  Late: TM & TMd21 & SOL | IC",8,194.924142285904,22.2034091081993
"Linear","TM & SOL | TMd21 & IC",6,195.161186644326,22.4404534666218
"Piecewise","Early: TM & SOL | TMd21 & IC  |  Late: TM | TMd21 & SOL & IC",8,195.16644661975,22.4457134420453
"Piecewise","Early: TM | TMd21 & SOL | IC  |  Late: TM & TMd21 & SOL & IC",8,195.171882732009,22.4511495543045
"Piecewise","Early: TM | TMd21 & IC | SOL  |  Late: TM & IC | TMd21 & SOL",9,195.246375006958,22.5256418292539
"Piecewise","Early: TM & IC | TMd21 | SOL  |  Late: TM & TMd21 & SOL | IC",9,195.246818879217,22.5260857015122
"Piecewise","Early: TM & SOL | TMd21 & IC  |  Late: TM & SOL & IC | TMd21",8,195.303308435495,22.5825752577906
"Piecewise","Early: TM | TMd21 & IC | SOL  |  Late: TM & TMd21 | SOL & IC",9,195.416773379664,22.696040201959
"Piecewise","Early: TM | TMd21 | SOL & IC  |  Late: TM & TMd21 & SOL | IC",9,195.475471485789,22.7547383080842
"Linear","TM | TMd21 | SOL & IC",7,195.520035172239,22.7993019945345
"Linear","TM | TMd21 | SOL | IC",8,195.522744557445,22.8020113797407
"Piecewise","Early: TM | TMd21 & SOL & IC  |  Late: TM & SOL | TMd21 & IC",8,195.583759116218,22.8630259385138
"Piecewise","Early: TM | TMd21 & SOL & IC  |  Late: TM & IC | TMd21 | SOL",9,195.673461902202,22.9527287244976
"Piecewise","Early: TM & SOL | TMd21 | IC  |  Late: TM & TMd21 | SOL | IC",10,195.72710259815,23.0063694204449
"Piecewise","Early: TM | TMd21 & IC | SOL  |  Late: TM & TMd21 & SOL | IC",9,195.735737393651,23.0150042159462
"Piecewise","Early: TM | TMd21 | SOL | IC  |  Late: TM & TMd21 & SOL & IC",9,195.752334194639,23.0316010169347
"Piecewise","Early: TM | TMd21 | SOL & IC  |  Late: TM & TMd21 & SOL & IC",8,195.770657268462,23.0499240907575
"Piecewise","Early: TM & SOL | TMd21 & IC  |  Late: TM | TMd21 | SOL & IC",9,195.788846972178,23.0681137944729
"Piecewise","Early: TM & SOL | TMd21 & IC  |  Late: TM & IC | TMd21 & SOL",8,195.904173711917,23.1834405342125
"Piecewise","Early: TM | TMd21 & SOL & IC  |  Late: TM & SOL & IC | TMd21",8,196.004996384318,23.2842632066132
"Piecewise","Early: TM & IC | TMd21 & SOL  |  Late: TM & TMd21 | SOL | IC",9,196.06525986367,23.3445266859653
"Piecewise","Early: TM | TMd21 & SOL | IC  |  Late: TM & TMd21 & SOL | IC",9,196.150142976932,23.4294097992271
"Piecewise","Early: TM | TMd21 & SOL & IC  |  Late: TM & TMd21 | SOL & IC",8,196.184650448772,23.4639172710677
"Piecewise","Early: TM & SOL & IC | TMd21  |  Late: TM & TMd21 & SOL | IC",8,196.290149025328,23.5694158476231
"Linear","TM & SOL | TMd21 | IC",7,196.425778758282,23.7050455805772
"Piecewise","Early: TM & IC | TMd21 & SOL  |  Late: TM & SOL | TMd21 | IC",9,196.491463294418,23.7707301167132
"Piecewise","Early: TM | TMd21 & SOL & IC  |  Late: TM & TMd21 | SOL | IC",9,196.533042352447,23.812309174742
"Piecewise","Early: TM & TMd21 & SOL & IC  |  Late: TM | TMd21 & SOL & IC",7,196.596094804333,23.8753616266281
"Piecewise","Early: TM | TMd21 & SOL | IC  |  Late: TM & TMd21 & IC | SOL",9,196.629209104724,23.9084759270193
"Piecewise","Early: TM & TMd21 & IC | SOL  |  Late: TM | TMd21 & SOL & IC",8,196.656688764589,23.9359555868839
"Piecewise","Early: TM & SOL | TMd21 & IC  |  Late: TM & TMd21 & SOL | IC",8,196.669546329598,23.948813151893
"Piecewise","Early: TM | TMd21 | SOL & IC  |  Late: TM & TMd21 & IC | SOL",9,196.669641915893,23.9489087381881
"Piecewise","Early: TM & SOL | TMd21 | IC  |  Late: TM & TMd21 & SOL & IC",8,196.685855828159,23.9651226504542
"Piecewise","Early: TM | TMd21 & SOL | IC  |  Late: TM & TMd21 | SOL & IC",9,196.831840066686,24.1111068889815
"Piecewise","Early: TM & TMd21 & IC | SOL  |  Late: TM & TMd21 & IC | SOL",8,196.841336022664,24.1206028449594
"Piecewise","Early: TM & SOL & IC | TMd21  |  Late: TM | TMd21 & SOL | IC",9,196.860529908851,24.1397967311465
"Piecewise","Early: TM | TMd21 & SOL & IC  |  Late: TM & SOL | TMd21 | IC",9,196.924012923575,24.2032797458702
"Piecewise","Early: TM & TMd21 & SOL & IC  |  Late: TM | TMd21 & SOL | IC",8,196.934436995162,24.213703817457
"Linear","TM & TMd21 & SOL | IC",6,197.000722654498,24.2799894767936
"Piecewise","Early: TM | TMd21 | SOL | IC  |  Late: TM & TMd21 & SOL | IC",10,197.089835440955,24.3691022632504
"Piecewise","Early: TM | TMd21 & SOL | IC  |  Late: TM & SOL | TMd21 & IC",9,197.152924568361,24.4321913906563
"Piecewise","Early: TM & SOL | TMd21 & IC  |  Late: TM | TMd21 & SOL | IC",9,197.157125925464,24.4363927477595
"Piecewise","Early: TM & SOL | TMd21 | IC  |  Late: TM | TMd21 & SOL & IC",9,197.165516484337,24.4447833066322
"Piecewise","Early: TM | TMd21 & SOL | IC  |  Late: TM & SOL & IC | TMd21",9,197.170980221879,24.450247044174
"Piecewise","Early: TM & TMd21 & SOL | IC  |  Late: TM | TMd21 & SOL & IC",8,197.221999799216,24.5012666215114
"Piecewise","Early: TM | TMd21 | SOL & IC  |  Late: TM & SOL | TMd21 & IC",9,197.431593640295,24.7108604625907
"Piecewise","Early: TM & SOL | TMd21 | IC  |  Late: TM & IC | TMd21 & SOL",9,197.432175715946,24.7114425382411
"Piecewise","Early: TM & TMd21 & SOL & IC  |  Late: TM | TMd21 & IC | SOL",8,197.488178291714,24.7674451140092
"Piecewise","Early: TM & TMd21 & SOL | IC  |  Late: TM & IC | TMd21 & SOL",8,197.748526220303,25.0277930425983
"Piecewise","Early: TM & TMd21 & IC | SOL  |  Late: TM | TMd21 | SOL & IC",9,197.764132031522,25.043398853817
"Piecewise","Early: TM | TMd21 & SOL | IC  |  Late: TM & TMd21 | SOL | IC",10,197.844599344153,25.1238661664485
"Piecewise","Early: TM & SOL & IC | TMd21  |  Late: TM | TMd21 & SOL & IC",8,197.919800302055,25.1990671243502
"Piecewise","Early: TM & SOL | TMd21 | IC  |  Late: TM & TMd21 & SOL | IC",9,198.034847090425,25.3141139127202
"Piecewise","Early: TM & TMd21 & IC | SOL  |  Late: TM & TMd21 | SOL & IC",8,198.065823434133,25.345090256428
"Piecewise","Early: TM & IC | TMd21 | SOL  |  Late: TM & TMd21 & IC | SOL",9,198.07385247246,25.3531192947553
"Piecewise","Early: TM & IC | TMd21 & SOL  |  Late: TM | TMd21 & SOL & IC",8,198.123795412055,25.4030622343502
"Piecewise","Early: TM | TMd21 & SOL | IC  |  Late: TM & SOL | TMd21 | IC",10,198.144348398696,25.4236152209912
"Piecewise","Early: TM & TMd21 & SOL & IC  |  Late: TM & SOL | TMd21 & IC",7,198.158639734844,25.4379065571391
"Piecewise","Early: TM & TMd21 & SOL | IC  |  Late: TM | TMd21 & SOL | IC",9,198.166677826805,25.4459446491002
"Piecewise","Early: TM & TMd21 | SOL & IC  |  Late: TM | TMd21 & SOL | IC",9,198.237310531681,25.5165773539769
"Piecewise","Early: TM & TMd21 | SOL & IC  |  Late: TM & SOL | TMd21 & IC",8,198.336234293747,25.6155011160424
"Piecewise","Early: TM & TMd21 & IC | SOL  |  Late: TM | TMd21 & SOL | IC",9,198.426439183151,25.7057060054462
"Piecewise","Early: TM & TMd21 & SOL & IC  |  Late: TM & TMd21 & SOL | IC",7,198.474986255522,25.7542530778173
"Linear","TM & TMd21 | SOL & IC",6,198.504804073779,25.7840708960742
"Piecewise","Early: TM & TMd21 & SOL & IC  |  Late: TM | TMd21 | SOL & IC",8,198.508346631339,25.7876134536345
"Piecewise","Early: TM & TMd21 | SOL & IC  |  Late: TM | TMd21 & SOL & IC",8,198.52589501136,25.805161833655
"Piecewise","Early: TM & SOL | TMd21 | IC  |  Late: TM | TMd21 & SOL | IC",10,198.53708120538,25.8163480276753
"Piecewise","Early: TM & TMd21 | SOL | IC  |  Late: TM | TMd21 & SOL & IC",9,198.540597694415,25.8198645167107
"Linear","TM & TMd21 | SOL | IC",7,198.566243207281,25.845510029576
"Piecewise","Early: TM & IC | TMd21 | SOL  |  Late: TM | TMd21 & SOL & IC",9,198.578236146872,25.8575029691675
"Piecewise","Early: TM & IC | TMd21 & SOL  |  Late: TM & SOL | TMd21 & IC",8,198.585272097298,25.8645389195939
"Piecewise","Early: TM & TMd21 & IC | SOL  |  Late: TM & SOL | TMd21 & IC",8,198.62164140969,25.9009082319855
"Piecewise","Early: TM & TMd21 & IC | SOL  |  Late: TM & IC | TMd21 | SOL",9,198.830212527945,26.1094793502409
"Piecewise","Early: TM & TMd21 & SOL & IC  |  Late: TM & TMd21 | SOL & IC",7,198.836581999941,26.1158488222362
"Piecewise","Early: TM & TMd21 & SOL & IC  |  Late: TM | TMd21 | SOL | IC",9,198.879535871375,26.1588026936709
"Piecewise","Early: TM & TMd21 & SOL | IC  |  Late: TM & TMd21 & SOL & IC",7,198.994452727571,26.2737195498663
"Piecewise","Early: TM & TMd21 & SOL | IC  |  Late: TM | TMd21 & IC | SOL",9,199.092723672461,26.3719904947563
"Piecewise","Early: TM & TMd21 & SOL | IC  |  Late: TM | TMd21 | SOL & IC",9,199.184220066636,26.4634868889309
"Piecewise","Early: TM & TMd21 | SOL | IC  |  Late: TM & IC | TMd21 & SOL",9,199.198175785248,26.4774426075438
"Piecewise","Early: TM & TMd21 & SOL & IC  |  Late: TM & TMd21 | SOL | IC",8,199.230296004301,26.5095628265968
"Piecewise","Early: TM & SOL & IC | TMd21  |  Late: TM | TMd21 & IC | SOL",9,199.283424954394,26.5626917766891
"Piecewise","Early: TM & TMd21 | SOL & IC  |  Late: TM | TMd21 & IC | SOL",9,199.46375676081,26.743023583105
"Piecewise","Early: TM & IC | TMd21 & SOL  |  Late: TM | TMd21 & IC | SOL",9,199.488122230778,26.7673890530731
"Piecewise","Early: TM & TMd21 & SOL & IC  |  Late: TM & SOL | TMd21 | IC",8,199.559612698652,26.838879520947
"Piecewise","Early: TM & TMd21 & SOL | IC  |  Late: TM & TMd21 | SOL & IC",8,199.575219650317,26.8544864726121
"Piecewise","Early: TM & TMd21 & SOL | IC  |  Late: TM & TMd21 & SOL | IC",8,199.584158002639,26.8634248249344
"Linear","TM & TMd21 & SOL & IC",5,199.660677493664,26.9399443159591
"Piecewise","Early: TM & TMd21 & SOL | IC  |  Late: TM & IC | TMd21 | SOL",9,199.676064496592,26.9553313188872
"Piecewise","Early: TM & TMd21 | SOL | IC  |  Late: TM | TMd21 & SOL | IC",10,199.75235566565,27.0316224879452
"Piecewise","Early: TM & TMd21 & SOL | IC  |  Late: TM & SOL | TMd21 & IC",8,199.769428638952,27.0486954612476
"Piecewise","Early: TM & TMd21 & SOL | IC  |  Late: TM & TMd21 & IC | SOL",8,199.91021624503,27.1894830673254
"Piecewise","Early: TM & TMd21 & IC | SOL  |  Late: TM & TMd21 & SOL | IC",8,199.9342972335,27.2135640557955
"Piecewise","Early: TM & SOL & IC | TMd21  |  Late: TM & SOL | TMd21 & IC",8,199.957117281841,27.2363841041367
"Piecewise","Early: TM & TMd21 & IC | SOL  |  Late: TM & SOL | TMd21 | IC",9,200.041495503564,27.3207623258594
"Piecewise","Early: TM & TMd21 & SOL | IC  |  Late: TM & SOL & IC | TMd21",8,200.095528161792,27.3747949840878
"Piecewise","Early: TM & TMd21 | SOL & IC  |  Late: TM & TMd21 & SOL | IC",8,200.099541272961,27.3788080952561
"Piecewise","Early: TM & IC | TMd21 & SOL  |  Late: TM | TMd21 | SOL & IC",9,200.123593998076,27.4028608203709
"Piecewise","Early: TM & TMd21 & SOL | IC  |  Late: TM | TMd21 | SOL | IC",10,200.143676464137,27.4229432864323
"Piecewise","Early: TM & TMd21 & SOL | IC  |  Late: TM & TMd21 | SOL | IC",9,200.241180541371,27.5204473636668
"Piecewise","Early: TM & TMd21 | SOL | IC  |  Late: TM & SOL | TMd21 & IC",9,200.245902369433,27.5251691917283
"Piecewise","Early: TM & TMd21 | SOL & IC  |  Late: TM & SOL | TMd21 | IC",9,200.327703467155,27.60697028945
"Piecewise","Early: TM & IC | TMd21 | SOL  |  Late: TM & SOL | TMd21 & IC",9,200.382713113257,27.6619799355524
"Piecewise","Early: TM & TMd21 | SOL & IC  |  Late: TM & TMd21 & SOL & IC",7,200.489309986491,27.7685768087861
"Piecewise","Early: TM & TMd21 | SOL | IC  |  Late: TM & TMd21 & SOL & IC",8,200.550569289017,27.8298361113123
"Piecewise","Early: TM & IC | TMd21 & SOL  |  Late: TM & TMd21 | SOL & IC",8,200.610993032244,27.8902598545397
"Piecewise","Early: TM & TMd21 | SOL & IC  |  Late: TM & SOL & IC | TMd21",8,200.717915106429,27.9971819287244
"Piecewise","Early: TM & TMd21 | SOL | IC  |  Late: TM & SOL & IC | TMd21",9,200.758503837678,28.0377706599737
"Piecewise","Early: TM & TMd21 & SOL | IC  |  Late: TM & SOL | TMd21 | IC",9,200.835424334985,28.11469115728
"Piecewise","Early: TM & TMd21 | SOL | IC  |  Late: TM & TMd21 & SOL | IC",9,200.991833323264,28.2711001455592
"Linear","TM & SOL & IC | TMd21",6,201.06401894731,28.3432857696057
"Linear","TM & IC | TMd21 & SOL",6,201.324021202961,28.6032880252564
"Piecewise","Early: TM & TMd21 | SOL | IC  |  Late: TM & SOL | TMd21 | IC",10,201.330105745885,28.6093725681802
"Piecewise","Early: TM & TMd21 & SOL & IC  |  Late: TM & TMd21 & SOL & IC",6,201.386978295829,28.6662451181242
"Piecewise","Early: TM & SOL & IC | TMd21  |  Late: TM & TMd21 & SOL & IC",7,201.391842231471,28.671109053766
"Piecewise","Early: TM & TMd21 | SOL & IC  |  Late: TM & TMd21 & IC | SOL",8,201.554210518402,28.8334773406972
"Linear","TM & TMd21 & IC | SOL",6,201.650251626295,28.9295184485903
"Piecewise","Early: TM & TMd21 | SOL & IC  |  Late: TM & IC | TMd21 | SOL",9,201.757099628069,29.0363664503648
"Piecewise","Early: TM & TMd21 | SOL & IC  |  Late: TM & IC | TMd21 & SOL",8,202.485804674949,29.7650714972442
"Piecewise","Early: TM & IC | TMd21 & SOL  |  Late: TM & TMd21 & SOL & IC",7,202.705316648673,29.984583470968
"Linear","TM & IC | TMd21 | SOL",7,203.036841716161,30.3161085384568
"Piecewise","Early: TM & SOL & IC | TMd21  |  Late: TM & TMd21 & IC | SOL",8,203.173377999714,30.4526448220095
"Piecewise","Early: TM & TMd21 & SOL & IC  |  Late: TM & SOL & IC | TMd21",7,203.255356195887,30.5346230181823
"Piecewise","Early: TM & TMd21 & SOL & IC  |  Late: TM & IC | TMd21 & SOL",7,203.265509620062,30.5447764423575
"Piecewise","Early: TM & SOL & IC | TMd21  |  Late: TM & IC | TMd21 & SOL",8,203.292530163597,30.5717969858924
"Piecewise","Early: TM & TMd21 & IC | SOL  |  Late: TM & TMd21 & SOL & IC",7,203.340337874028,30.6196046963238
"Piecewise","Early: TM & IC | TMd21 | SOL  |  Late: TM & TMd21 & SOL & IC",8,203.364393120654,30.643659942949
"Piecewise","Early: TM & TMd21 & SOL & IC  |  Late: TM & TMd21 & IC | SOL",7,203.375300824673,30.6545676469684
"Piecewise","Early: TM & IC | TMd21 & SOL  |  Late: TM & TMd21 & IC | SOL",8,204.192626191804,31.4718930140993
"Piecewise","Early: TM & IC | TMd21 & SOL  |  Late: TM & SOL & IC | TMd21",8,204.704463927056,31.9837307493512
"Piecewise","Early: TM & TMd21 & IC | SOL  |  Late: TM & IC | TMd21 & SOL",8,204.782124248037,32.061391070332
"Piecewise","Early: TM & TMd21 & SOL & IC  |  Late: TM & IC | TMd21 | SOL",8,205.213265037939,32.4925318602347
"Piecewise","Early: TM & TMd21 & IC | SOL  |  Late: TM & SOL & IC | TMd21",8,205.23941171738,32.518678539675
