Mouse_number,Vaccine,Day,Measurement_type,Value
10061,TM,8,Number of CD127+ KLRG1- memory,855.1225652
10061,TM,8,Number of KLRG1+ CD127- effector,204.7476565
10062,TM,8,Number of CD127+ KLRG1- memory,601.4158558
10062,TM,8,Number of KLRG1+ CD127- effector,24.47479658
10063,TM,8,Number of CD127+ KLRG1- memory,1180.728252
10063,TM,8,Number of KLRG1+ CD127- effector,135.5650956
10064,TM,8,Number of CD127+ KLRG1- memory,1413.503867
10064,TM,8,Number of KLRG1+ CD127- effector,160.3473635
10065,TM,8,Number of CD127+ KLRG1- memory,1321.746454
10065,TM,8,Number of KLRG1+ CD127- effector,82.93827349
10066,TM,8,Number of CD127+ KLRG1- memory,962.8832098
10066,TM,8,Number of KLRG1+ CD127- effector,71.43340885
10067,TMd21,8,Number of CD127+ KLRG1- memory,239.5234675
10067,TMd21,8,Number of KLRG1+ CD127- effector,14.38031227
10068,TMd21,8,Number of CD127+ KLRG1- memory,660.8098059
10068,TMd21,8,Number of KLRG1+ CD127- effector,37.53399697
10069,TMd21,8,Number of CD127+ KLRG1- memory,495.7496032
10069,TMd21,8,Number of KLRG1+ CD127- effector,25.06495195
10070,TMd21,8,Number of CD127+ KLRG1- memory,462.3976894
10070,TMd21,8,Number of KLRG1+ CD127- effector,9.175135254
10071,TMd21,8,Number of CD127+ KLRG1- memory,1085.657832
10071,TMd21,8,Number of KLRG1+ CD127- effector,99.11525856
10072,TMd21,8,Number of CD127+ KLRG1- memory,414.6615677
10072,TMd21,8,Number of KLRG1+ CD127- effector,13.80085279
10073,SOL,8,Number of CD127+ KLRG1- memory,756.6541022
10073,SOL,8,Number of KLRG1+ CD127- effector,99.43464903
10074,SOL,8,Number of CD127+ KLRG1- memory,999.1602188
10074,SOL,8,Number of KLRG1+ CD127- effector,17.74209734
10075,SOL,8,Number of CD127+ KLRG1- memory,1458.965292
10075,SOL,8,Number of KLRG1+ CD127- effector,61.40652689
10076,SOL,8,Number of CD127+ KLRG1- memory,2382.099849
10076,SOL,8,Number of KLRG1+ CD127- effector,156.4672171
10077,SOL,8,Number of CD127+ KLRG1- memory,229.7886955
10077,SOL,8,Number of KLRG1+ CD127- effector,2.348205647
10078,SOL,8,Number of CD127+ KLRG1- memory,655.8885107
10078,SOL,8,Number of KLRG1+ CD127- effector,3.530278103
10079,IC,8,Number of CD127+ KLRG1- memory,2068.144234
10079,IC,8,Number of KLRG1+ CD127- effector,43.14833295
10080,IC,8,Number of CD127+ KLRG1- memory,873.9352688
10080,IC,8,Number of KLRG1+ CD127- effector,11.88031185
10081,IC,8,Number of CD127+ KLRG1- memory,749.6367252
10081,IC,8,Number of KLRG1+ CD127- effector,42.41914679
10082,IC,8,Number of CD127+ KLRG1- memory,1009.536399
10082,IC,8,Number of KLRG1+ CD127- effector,65.48344209
10083,IC,8,Number of CD127+ KLRG1- memory,531.3699659
10083,IC,8,Number of KLRG1+ CD127- effector,8.570483321
NA,IC,8,Number of CD127+ KLRG1- memory,409.3130801
NA,IC,8,Number of KLRG1+ CD127- effector,133.077159
10037,TM,28,Number of CD127+ KLRG1- memory,225.4039427
10037,TM,28,Number of KLRG1+ CD127- effector,NA
10038,TM,28,Number of CD127+ KLRG1- memory,251.8088033
10038,TM,28,Number of KLRG1+ CD127- effector,NA
10039,TM,28,Number of CD127+ KLRG1- memory,127.4989284
10039,TM,28,Number of KLRG1+ CD127- effector,NA
10040,TM,28,Number of CD127+ KLRG1- memory,79.81249116
10040,TM,28,Number of KLRG1+ CD127- effector,NA
10041,TM,28,Number of CD127+ KLRG1- memory,109.0494242
10041,TM,28,Number of KLRG1+ CD127- effector,NA
10042,TM,28,Number of CD127+ KLRG1- memory,143.8986327
10042,TM,28,Number of KLRG1+ CD127- effector,NA
10043,TMd21,28,Number of CD127+ KLRG1- memory,87.53104692
10043,TMd21,28,Number of KLRG1+ CD127- effector,NA
10044,TMd21,28,Number of CD127+ KLRG1- memory,74.41595586
10044,TMd21,28,Number of KLRG1+ CD127- effector,NA
10045,TMd21,28,Number of CD127+ KLRG1- memory,170.6396898
10045,TMd21,28,Number of KLRG1+ CD127- effector,NA
10046,TMd21,28,Number of CD127+ KLRG1- memory,27.14634045
10046,TMd21,28,Number of KLRG1+ CD127- effector,NA
10047,TMd21,28,Number of CD127+ KLRG1- memory,95.20440406
10047,TMd21,28,Number of KLRG1+ CD127- effector,NA
10048,TMd21,28,Number of CD127+ KLRG1- memory,99.16694987
10048,TMd21,28,Number of KLRG1+ CD127- effector,NA
10049,SOL,28,Number of CD127+ KLRG1- memory,67.64210318
10049,SOL,28,Number of KLRG1+ CD127- effector,NA
10050,SOL,28,Number of CD127+ KLRG1- memory,123.3391076
10050,SOL,28,Number of KLRG1+ CD127- effector,NA
10051,SOL,28,Number of CD127+ KLRG1- memory,57.90620305
10051,SOL,28,Number of KLRG1+ CD127- effector,NA
10052,SOL,28,Number of CD127+ KLRG1- memory,54.16788482
10052,SOL,28,Number of KLRG1+ CD127- effector,NA
10053,SOL,28,Number of CD127+ KLRG1- memory,56.24299875
10053,SOL,28,Number of KLRG1+ CD127- effector,NA
10054,SOL,28,Number of CD127+ KLRG1- memory,44.82093086
10054,SOL,28,Number of KLRG1+ CD127- effector,NA
10055,IC,28,Number of CD127+ KLRG1- memory,205.3747788
10055,IC,28,Number of KLRG1+ CD127- effector,NA
10056,IC,28,Number of CD127+ KLRG1- memory,78.89202947
10056,IC,28,Number of KLRG1+ CD127- effector,NA
10057,IC,28,Number of CD127+ KLRG1- memory,477.1651133
10057,IC,28,Number of KLRG1+ CD127- effector,NA
10058,IC,28,Number of CD127+ KLRG1- memory,258.9203057
10058,IC,28,Number of KLRG1+ CD127- effector,NA
10059,IC,28,Number of CD127+ KLRG1- memory,164.6198685
10059,IC,28,Number of KLRG1+ CD127- effector,NA
NA,IC,28,Number of CD127+ KLRG1- memory,88.34007329
NA,IC,28,Number of KLRG1+ CD127- effector,NA
9893,TM,14,Number of CD127+ KLRG1- memory,1143.525503
9893,TM,14,Number of KLRG1+ CD127- effector,45.37312988
9894,TM,14,Number of CD127+ KLRG1- memory,357.7532555
9894,TM,14,Number of KLRG1+ CD127- effector,18.04054878
9895,TM,14,Number of CD127+ KLRG1- memory,487.2613527
9895,TM,14,Number of KLRG1+ CD127- effector,25.28824742
9896,TM,14,Number of CD127+ KLRG1- memory,823.8609038
9896,TM,14,Number of KLRG1+ CD127- effector,27.57888983
9892,TM,14,Number of CD127+ KLRG1- memory,560.6235963
9892,TM,14,Number of KLRG1+ CD127- effector,21.149739
9899,TMd21,14,Number of CD127+ KLRG1- memory,782.2307093
9899,TMd21,14,Number of KLRG1+ CD127- effector,9.460607399
9900,TMd21,14,Number of CD127+ KLRG1- memory,331.605742
9900,TMd21,14,Number of KLRG1+ CD127- effector,33.44460482
9901,TMd21,14,Number of CD127+ KLRG1- memory,109.5971833
9901,TMd21,14,Number of KLRG1+ CD127- effector,2.097553748
9902,TMd21,14,Number of CD127+ KLRG1- memory,372.214944
9902,TMd21,14,Number of KLRG1+ CD127- effector,5.1263136
9979,TMd21,14,Number of CD127+ KLRG1- memory,226.6103159
9979,TMd21,14,Number of KLRG1+ CD127- effector,15.10735439
9980,TMd21,14,Number of CD127+ KLRG1- memory,450.0371732
9980,TMd21,14,Number of KLRG1+ CD127- effector,17.30396284
9903,SOL,14,Number of CD127+ KLRG1- memory,395.0092636
9903,SOL,14,Number of KLRG1+ CD127- effector,22.20166189
9904,SOL,14,Number of CD127+ KLRG1- memory,283.1818026
9904,SOL,14,Number of KLRG1+ CD127- effector,0
9905,SOL,14,Number of CD127+ KLRG1- memory,410.5668672
9905,SOL,14,Number of KLRG1+ CD127- effector,8.420395438
9906,SOL,14,Number of CD127+ KLRG1- memory,394.0748514
9906,SOL,14,Number of KLRG1+ CD127- effector,3.120388351
9983,SOL,14,Number of CD127+ KLRG1- memory,307.6546681
9983,SOL,14,Number of KLRG1+ CD127- effector,13.83323179
9984,SOL,14,Number of CD127+ KLRG1- memory,193.920278
9984,SOL,14,Number of KLRG1+ CD127- effector,6.116380862
9897,IC,14,Number of CD127+ KLRG1- memory,623.869768
9897,IC,14,Number of KLRG1+ CD127- effector,2.577347766
9898,IC,14,Number of CD127+ KLRG1- memory,697.4266398
9898,IC,14,Number of KLRG1+ CD127- effector,7.544278556
9907,IC,14,Number of CD127+ KLRG1- memory,531.1566584
9907,IC,14,Number of KLRG1+ CD127- effector,4.899969173
9908,IC,14,Number of CD127+ KLRG1- memory,422.9353438
9908,IC,14,Number of KLRG1+ CD127- effector,15.39484651
9977,IC,14,Number of CD127+ KLRG1- memory,235.2941038
9977,IC,14,Number of KLRG1+ CD127- effector,6.292402523
9978,IC,14,Number of CD127+ KLRG1- memory,471.9831493
9978,IC,14,Number of KLRG1+ CD127- effector,11.64808628
9985,TM,60,Number of CD127+ KLRG1- memory,24.74543963
9985,TM,60,Number of KLRG1+ CD127- effector,0
9986,TM,60,Number of CD127+ KLRG1- memory,65.91567306
9986,TM,60,Number of KLRG1+ CD127- effector,0
9987,TM,60,Number of CD127+ KLRG1- memory,67.44636889
9987,TM,60,Number of KLRG1+ CD127- effector,0
9988,TM,60,Number of CD127+ KLRG1- memory,69.50930233
9988,TM,60,Number of KLRG1+ CD127- effector,7.720166512
9989,TM,60,Number of CD127+ KLRG1- memory,14.51303591
9989,TM,60,Number of KLRG1+ CD127- effector,0
9990,TM,60,Number of CD127+ KLRG1- memory,45.79218021
9990,TM,60,Number of KLRG1+ CD127- effector,0
9991,TMd21,60,Number of CD127+ KLRG1- memory,82.61729218
9991,TMd21,60,Number of KLRG1+ CD127- effector,0
9992,TMd21,60,Number of CD127+ KLRG1- memory,46.49590817
9992,TMd21,60,Number of KLRG1+ CD127- effector,0
9993,TMd21,60,Number of CD127+ KLRG1- memory,14.50723019
9993,TMd21,60,Number of KLRG1+ CD127- effector,0
9994,TMd21,60,Number of CD127+ KLRG1- memory,40.99771603
9994,TMd21,60,Number of KLRG1+ CD127- effector,0
9995,TMd21,60,Number of CD127+ KLRG1- memory,39.74692056
9995,TMd21,60,Number of KLRG1+ CD127- effector,0.472107088
9996,TMd21,60,Number of CD127+ KLRG1- memory,23.2290839
9996,TMd21,60,Number of KLRG1+ CD127- effector,0
9997,SOL,60,Number of CD127+ KLRG1- memory,70.99066036
9997,SOL,60,Number of KLRG1+ CD127- effector,0
9998,SOL,60,Number of CD127+ KLRG1- memory,23.7265904
9998,SOL,60,Number of KLRG1+ CD127- effector,0.274865419
9999,SOL,60,Number of CD127+ KLRG1- memory,11.53208483
9999,SOL,60,Number of KLRG1+ CD127- effector,0
10000,SOL,60,Number of CD127+ KLRG1- memory,12.4572262
10000,SOL,60,Number of KLRG1+ CD127- effector,0.460746722
10001,SOL,60,Number of CD127+ KLRG1- memory,34.63947031
10001,SOL,60,Number of KLRG1+ CD127- effector,0
10002,SOL,60,Number of CD127+ KLRG1- memory,37.57273033
10002,SOL,60,Number of KLRG1+ CD127- effector,0
10003,IC,60,Number of CD127+ KLRG1- memory,66.44079809
10003,IC,60,Number of KLRG1+ CD127- effector,0
10004,IC,60,Number of CD127+ KLRG1- memory,25.02391203
10004,IC,60,Number of KLRG1+ CD127- effector,0
10005,IC,60,Number of CD127+ KLRG1- memory,13.40745249
10005,IC,60,Number of KLRG1+ CD127- effector,0
10006,IC,60,Number of CD127+ KLRG1- memory,52.86977199
10006,IC,60,Number of KLRG1+ CD127- effector,0
10007,IC,60,Number of CD127+ KLRG1- memory,18.34951235
10007,IC,60,Number of KLRG1+ CD127- effector,0
NA,IC,60,Number of CD127+ KLRG1- memory,54.73163837
NA,IC,60,Number of KLRG1+ CD127- effector,0
10403,TM,8,Number of CD127+ KLRG1- memory,1152.939007
10403,TM,8,Number of KLRG1+ CD127- effector,162.7678598
10404,TM,8,Number of CD127+ KLRG1- memory,636.7506901
10404,TM,8,Number of KLRG1+ CD127- effector,72.47901746
10405,TM,8,Number of CD127+ KLRG1- memory,1968.485421
10405,TM,8,Number of KLRG1+ CD127- effector,393.0932542
10406,TM,8,Number of CD127+ KLRG1- memory,1630.043778
10406,TM,8,Number of KLRG1+ CD127- effector,317.5085274
10407,TM,8,Number of CD127+ KLRG1- memory,2269.011293
10407,TM,8,Number of KLRG1+ CD127- effector,250.7449768
10408,TM,8,Number of CD127+ KLRG1- memory,1413.669255
10408,TM,8,Number of KLRG1+ CD127- effector,104.6301258
10409,TMd21,8,Number of CD127+ KLRG1- memory,664.7452325
10409,TMd21,8,Number of KLRG1+ CD127- effector,224.6887944
10410,TMd21,8,Number of CD127+ KLRG1- memory,1137.011111
10410,TMd21,8,Number of KLRG1+ CD127- effector,24.30665083
10414,TMd21,8,Number of CD127+ KLRG1- memory,1933.093191
10414,TMd21,8,Number of KLRG1+ CD127- effector,28.398534
10415,TMd21,8,Number of CD127+ KLRG1- memory,617.4741986
10415,TMd21,8,Number of KLRG1+ CD127- effector,50.38469853
10416,TMd21,8,Number of CD127+ KLRG1- memory,1387.534706
10416,TMd21,8,Number of KLRG1+ CD127- effector,48.78279915
10417,TMd21,8,Number of CD127+ KLRG1- memory,1113.534841
10417,TMd21,8,Number of KLRG1+ CD127- effector,35.27346392
10411,SOL,8,Number of CD127+ KLRG1- memory,2976.046059
10411,SOL,8,Number of KLRG1+ CD127- effector,85.3479543
10412,SOL,8,Number of CD127+ KLRG1- memory,1439.404953
10412,SOL,8,Number of KLRG1+ CD127- effector,25.66152273
10413,SOL,8,Number of CD127+ KLRG1- memory,2328.856079
10413,SOL,8,Number of KLRG1+ CD127- effector,37.80610519
10430,SOL,8,Number of CD127+ KLRG1- memory,1429.34249
10430,SOL,8,Number of KLRG1+ CD127- effector,96.17650267
10431,SOL,8,Number of CD127+ KLRG1- memory,2590.403443
10431,SOL,8,Number of KLRG1+ CD127- effector,52.88740364
10432,SOL,8,Number of CD127+ KLRG1- memory,1604.620393
10432,SOL,8,Number of KLRG1+ CD127- effector,60.2640238
10418,IC,8,Number of CD127+ KLRG1- memory,1318.375969
10418,IC,8,Number of KLRG1+ CD127- effector,16.64482686
10419,IC,8,Number of CD127+ KLRG1- memory,1810.459268
10419,IC,8,Number of KLRG1+ CD127- effector,35.8470935
10420,IC,8,Number of CD127+ KLRG1- memory,5226.750358
10420,IC,8,Number of KLRG1+ CD127- effector,150.0160695
10421,IC,8,Number of CD127+ KLRG1- memory,3227.669757
10421,IC,8,Number of KLRG1+ CD127- effector,7.159341421
10422,IC,8,Number of CD127+ KLRG1- memory,3757.315839
10422,IC,8,Number of KLRG1+ CD127- effector,176.814863
NA,IC,8,Number of CD127+ KLRG1- memory,4662.373285
NA,IC,8,Number of KLRG1+ CD127- effector,47.46128494
10983,TM,60,Number of CD127+ KLRG1- memory,323.7094863
10983,TM,60,Number of KLRG1+ CD127- effector,0
10984,TM,60,Number of CD127+ KLRG1- memory,458.6698148
10984,TM,60,Number of KLRG1+ CD127- effector,0
10985,TM,60,Number of CD127+ KLRG1- memory,416.3803479
10985,TM,60,Number of KLRG1+ CD127- effector,0
10974,TM,60,Number of CD127+ KLRG1- memory,181.1568509
10974,TM,60,Number of KLRG1+ CD127- effector,0
10975,TM,60,Number of CD127+ KLRG1- memory,618.8170631
10975,TM,60,Number of KLRG1+ CD127- effector,0
10976,TM,60,Number of CD127+ KLRG1- memory,860.0290152
10976,TM,60,Number of KLRG1+ CD127- effector,0
10986,TMd21,60,Number of CD127+ KLRG1- memory,359.7582778
10986,TMd21,60,Number of KLRG1+ CD127- effector,0
10987,TMd21,60,Number of CD127+ KLRG1- memory,191.9528277
10987,TMd21,60,Number of KLRG1+ CD127- effector,0
10988,TMd21,60,Number of CD127+ KLRG1- memory,345.2393369
10988,TMd21,60,Number of KLRG1+ CD127- effector,0
10977,TMd21,60,Number of CD127+ KLRG1- memory,10.70688278
10977,TMd21,60,Number of KLRG1+ CD127- effector,0
10978,TMd21,60,Number of CD127+ KLRG1- memory,174.7164469
10978,TMd21,60,Number of KLRG1+ CD127- effector,0
10979,TMd21,60,Number of CD127+ KLRG1- memory,34.4318478
10979,TMd21,60,Number of KLRG1+ CD127- effector,0
10992,SOL,60,Number of CD127+ KLRG1- memory,153.4337196
10992,SOL,60,Number of KLRG1+ CD127- effector,0
10993,SOL,60,Number of CD127+ KLRG1- memory,88.53358041
10993,SOL,60,Number of KLRG1+ CD127- effector,0
10994,SOL,60,Number of CD127+ KLRG1- memory,724.7149475
10994,SOL,60,Number of KLRG1+ CD127- effector,0
10980,SOL,60,Number of CD127+ KLRG1- memory,242.9209565
10980,SOL,60,Number of KLRG1+ CD127- effector,0
10981,SOL,60,Number of CD127+ KLRG1- memory,154.9459871
10981,SOL,60,Number of KLRG1+ CD127- effector,0
10982,SOL,60,Number of CD127+ KLRG1- memory,163.6460056
10982,SOL,60,Number of KLRG1+ CD127- effector,0
10995,IC,60,Number of CD127+ KLRG1- memory,480.263617
10995,IC,60,Number of KLRG1+ CD127- effector,0
10996,IC,60,Number of CD127+ KLRG1- memory,181.6634504
10996,IC,60,Number of KLRG1+ CD127- effector,0
NA,IC,60,Number of CD127+ KLRG1- memory,338.174877
NA,IC,60,Number of KLRG1+ CD127- effector,0
10989,IC,60,Number of CD127+ KLRG1- memory,195.4449489
10989,IC,60,Number of KLRG1+ CD127- effector,0
10990,IC,60,Number of CD127+ KLRG1- memory,498.8372625
10990,IC,60,Number of KLRG1+ CD127- effector,1.462717959
10991,IC,60,Number of CD127+ KLRG1- memory,716.4648025
10991,IC,60,Number of KLRG1+ CD127- effector,0
11130,TM,8,Number of CD127+ KLRG1- memory,2094.664074
11130,TM,8,Number of KLRG1+ CD127- effector,278.6760683
11131,TM,8,Number of CD127+ KLRG1- memory,2222.868122
11131,TM,8,Number of KLRG1+ CD127- effector,335.3034218
11132,TM,8,Number of CD127+ KLRG1- memory,843.3370468
11132,TM,8,Number of KLRG1+ CD127- effector,76.19257972
11133,TM,8,Number of CD127+ KLRG1- memory,2008.636452
11133,TM,8,Number of KLRG1+ CD127- effector,468.6818388
11134,TM,8,Number of CD127+ KLRG1- memory,6642.688371
11134,TM,8,Number of KLRG1+ CD127- effector,1306.456716
11135,TM,8,Number of CD127+ KLRG1- memory,2360.71588
11135,TM,8,Number of KLRG1+ CD127- effector,396.318858
11136,TMd21,8,Number of CD127+ KLRG1- memory,1175.281884
11136,TMd21,8,Number of KLRG1+ CD127- effector,114.8520247
11137,TMd21,8,Number of CD127+ KLRG1- memory,706.7540622
11137,TMd21,8,Number of KLRG1+ CD127- effector,28.19396259
11138,TMd21,8,Number of CD127+ KLRG1- memory,646.9193153
11138,TMd21,8,Number of KLRG1+ CD127- effector,23.07482908
11139,TMd21,8,Number of CD127+ KLRG1- memory,1755.647188
11139,TMd21,8,Number of KLRG1+ CD127- effector,140.1471074
11140,TMd21,8,Number of CD127+ KLRG1- memory,1901.671731
11140,TMd21,8,Number of KLRG1+ CD127- effector,132.7036143
11141,TMd21,8,Number of CD127+ KLRG1- memory,2009.039058
11141,TMd21,8,Number of KLRG1+ CD127- effector,201.9840343
11142,SOL,8,Number of CD127+ KLRG1- memory,829.457259
11142,SOL,8,Number of KLRG1+ CD127- effector,39.8520844
11143,SOL,8,Number of CD127+ KLRG1- memory,338.6550811
11143,SOL,8,Number of KLRG1+ CD127- effector,4.485497763
11144,SOL,8,Number of CD127+ KLRG1- memory,648.4218987
11144,SOL,8,Number of KLRG1+ CD127- effector,19.77250633
11145,SOL,8,Number of CD127+ KLRG1- memory,1565.70097
11145,SOL,8,Number of KLRG1+ CD127- effector,63.58523589
11146,SOL,8,Number of CD127+ KLRG1- memory,847.3429731
11146,SOL,8,Number of KLRG1+ CD127- effector,93.53786067
11147,SOL,8,Number of CD127+ KLRG1- memory,1011.100307
11147,SOL,8,Number of KLRG1+ CD127- effector,14.50709137
11148,IC,8,Number of CD127+ KLRG1- memory,1646.579461
11148,IC,8,Number of KLRG1+ CD127- effector,17.84104156
11149,IC,8,Number of CD127+ KLRG1- memory,880.9116025
11149,IC,8,Number of KLRG1+ CD127- effector,18.63466851
11150,IC,8,Number of CD127+ KLRG1- memory,3202.381473
11150,IC,8,Number of KLRG1+ CD127- effector,17.720688
11151,IC,8,Number of CD127+ KLRG1- memory,2197.102363
11151,IC,8,Number of KLRG1+ CD127- effector,49.26238483
11152,IC,8,Number of CD127+ KLRG1- memory,1738.162001
11152,IC,8,Number of KLRG1+ CD127- effector,112.3811638
NA,IC,8,Number of CD127+ KLRG1- memory,2015.505424
NA,IC,8,Number of KLRG1+ CD127- effector,241.3705584
10433,TM,60,Number of CD127+ KLRG1- memory,192.7874401
10433,TM,60,Number of KLRG1+ CD127- effector,0
10434,TM,60,Number of CD127+ KLRG1- memory,146.834496
10434,TM,60,Number of KLRG1+ CD127- effector,0
10435,TM,60,Number of CD127+ KLRG1- memory,119.3674394
10435,TM,60,Number of KLRG1+ CD127- effector,7.774187078
10436,TM,60,Number of CD127+ KLRG1- memory,125.2462317
10436,TM,60,Number of KLRG1+ CD127- effector,0
10437,TM,60,Number of CD127+ KLRG1- memory,389.4962602
10437,TM,60,Number of KLRG1+ CD127- effector,8.645466122
10438,TM,60,Number of CD127+ KLRG1- memory,139.6033924
10438,TM,60,Number of KLRG1+ CD127- effector,0
10439,TMd21,60,Number of CD127+ KLRG1- memory,125.9803365
10439,TMd21,60,Number of KLRG1+ CD127- effector,0
10440,TMd21,60,Number of CD127+ KLRG1- memory,149.3457703
10440,TMd21,60,Number of KLRG1+ CD127- effector,0
10441,TMd21,60,Number of CD127+ KLRG1- memory,61.68802741
10441,TMd21,60,Number of KLRG1+ CD127- effector,0
10442,TMd21,60,Number of CD127+ KLRG1- memory,78.80296645
10442,TMd21,60,Number of KLRG1+ CD127- effector,0
10443,TMd21,60,Number of CD127+ KLRG1- memory,136.0467217
10443,TMd21,60,Number of KLRG1+ CD127- effector,0
10444,TMd21,60,Number of CD127+ KLRG1- memory,133.878198
10444,TMd21,60,Number of KLRG1+ CD127- effector,0
10445,SOL,60,Number of CD127+ KLRG1- memory,139.7666205
10445,SOL,60,Number of KLRG1+ CD127- effector,0
10446,SOL,60,Number of CD127+ KLRG1- memory,76.13818481
10446,SOL,60,Number of KLRG1+ CD127- effector,0
10447,SOL,60,Number of CD127+ KLRG1- memory,141.6037775
10447,SOL,60,Number of KLRG1+ CD127- effector,0
10448,SOL,60,Number of CD127+ KLRG1- memory,180.8308235
10448,SOL,60,Number of KLRG1+ CD127- effector,0
10449,SOL,60,Number of CD127+ KLRG1- memory,119.2500894
10449,SOL,60,Number of KLRG1+ CD127- effector,2.344891796
10450,SOL,60,Number of CD127+ KLRG1- memory,157.9623385
10450,SOL,60,Number of KLRG1+ CD127- effector,0
10451,IC,60,Number of CD127+ KLRG1- memory,257.4358609
10451,IC,60,Number of KLRG1+ CD127- effector,0
10452,IC,60,Number of CD127+ KLRG1- memory,210.4104835
10452,IC,60,Number of KLRG1+ CD127- effector,0
10453,IC,60,Number of CD127+ KLRG1- memory,429.6503643
10453,IC,60,Number of KLRG1+ CD127- effector,3.283951829
10454,IC,60,Number of CD127+ KLRG1- memory,480.9582182
10454,IC,60,Number of KLRG1+ CD127- effector,0
10455,IC,60,Number of CD127+ KLRG1- memory,362.8352354
10455,IC,60,Number of KLRG1+ CD127- effector,0
NA,IC,60,Number of CD127+ KLRG1- memory,293.3909766
NA,IC,60,Number of KLRG1+ CD127- effector,2.889714138
10467,TM,28,Number of CD127+ KLRG1- memory,308.4402568
10467,TM,28,Number of KLRG1+ CD127- effector,26.4377363
10468,TM,28,Number of CD127+ KLRG1- memory,729.4997345
10468,TM,28,Number of KLRG1+ CD127- effector,16.6619466
10469,TM,28,Number of CD127+ KLRG1- memory,176.7285923
10469,TM,28,Number of KLRG1+ CD127- effector,0
10470,TM,28,Number of CD127+ KLRG1- memory,405.8731019
10470,TM,28,Number of KLRG1+ CD127- effector,27.05820679
10471,TM,28,Number of CD127+ KLRG1- memory,362.4389237
10471,TM,28,Number of KLRG1+ CD127- effector,3.685819563
10472,TM,28,Number of CD127+ KLRG1- memory,154.3392767
10472,TM,28,Number of KLRG1+ CD127- effector,10.70880532
10473,TMd21,28,Number of CD127+ KLRG1- memory,116.8689374
10473,TMd21,28,Number of KLRG1+ CD127- effector,7.804603699
10474,TMd21,28,Number of CD127+ KLRG1- memory,372.0398821
10474,TMd21,28,Number of KLRG1+ CD127- effector,4.073787627
10475,TMd21,28,Number of CD127+ KLRG1- memory,169.2268786
10475,TMd21,28,Number of KLRG1+ CD127- effector,2.226071692
10476,TMd21,28,Number of CD127+ KLRG1- memory,102.7025236
10476,TMd21,28,Number of KLRG1+ CD127- effector,0
10477,TMd21,28,Number of CD127+ KLRG1- memory,237.5382928
10477,TMd21,28,Number of KLRG1+ CD127- effector,0
10478,TMd21,28,Number of CD127+ KLRG1- memory,145.0611575
10478,TMd21,28,Number of KLRG1+ CD127- effector,1.94374752
10479,SOL,28,Number of CD127+ KLRG1- memory,626.1033556
10479,SOL,28,Number of KLRG1+ CD127- effector,5.876782399
10480,SOL,28,Number of CD127+ KLRG1- memory,175.3125325
10480,SOL,28,Number of KLRG1+ CD127- effector,0
10481,SOL,28,Number of CD127+ KLRG1- memory,126.8942849
10481,SOL,28,Number of KLRG1+ CD127- effector,0
10482,SOL,28,Number of CD127+ KLRG1- memory,207.5531099
10482,SOL,28,Number of KLRG1+ CD127- effector,2.41029418
10483,SOL,28,Number of CD127+ KLRG1- memory,99.98226028
10483,SOL,28,Number of KLRG1+ CD127- effector,0
10484,SOL,28,Number of CD127+ KLRG1- memory,247.6814496
10484,SOL,28,Number of KLRG1+ CD127- effector,3.135609145
10485,IC,28,Number of CD127+ KLRG1- memory,429.0998995
10485,IC,28,Number of KLRG1+ CD127- effector,5.443015966
10486,IC,28,Number of CD127+ KLRG1- memory,178.1417332
10486,IC,28,Number of KLRG1+ CD127- effector,6.150976179
10487,IC,28,Number of CD127+ KLRG1- memory,350.5050323
10487,IC,28,Number of KLRG1+ CD127- effector,0
10488,IC,28,Number of CD127+ KLRG1- memory,383.3212007
10488,IC,28,Number of KLRG1+ CD127- effector,2.458354494
10489,IC,28,Number of CD127+ KLRG1- memory,926.7650582
10489,IC,28,Number of KLRG1+ CD127- effector,17.1164385
NA,IC,28,Number of CD127+ KLRG1- memory,597.2914351
NA,IC,28,Number of KLRG1+ CD127- effector,7.408265862
10672,TM,14,Number of CD127+ KLRG1- memory,1561.008749
10672,TM,14,Number of KLRG1+ CD127- effector,113.8977067
10673,TM,14,Number of CD127+ KLRG1- memory,3038.290604
10673,TM,14,Number of KLRG1+ CD127- effector,157.11878
10674,TM,14,Number of CD127+ KLRG1- memory,1179.73682
10674,TM,14,Number of KLRG1+ CD127- effector,77.98634786
10675,TM,14,Number of CD127+ KLRG1- memory,708.3898504
10675,TM,14,Number of KLRG1+ CD127- effector,80.05283952
10676,TM,14,Number of CD127+ KLRG1- memory,1706.58713
10676,TM,14,Number of KLRG1+ CD127- effector,42.85599967
10677,TM,14,Number of CD127+ KLRG1- memory,3383.715552
10677,TM,14,Number of KLRG1+ CD127- effector,231.394981
10678,TMd21,14,Number of CD127+ KLRG1- memory,1060.870506
10678,TMd21,14,Number of KLRG1+ CD127- effector,53.35646646
10679,TMd21,14,Number of CD127+ KLRG1- memory,965.225182
10679,TMd21,14,Number of KLRG1+ CD127- effector,30.68178273
10680,TMd21,14,Number of CD127+ KLRG1- memory,596.7836694
10680,TMd21,14,Number of KLRG1+ CD127- effector,50.12982823
10681,TMd21,14,Number of CD127+ KLRG1- memory,846.2445312
10681,TMd21,14,Number of KLRG1+ CD127- effector,62.32132165
10682,TMd21,14,Number of CD127+ KLRG1- memory,453.2096126
10682,TMd21,14,Number of KLRG1+ CD127- effector,7.343330875
10683,TMd21,14,Number of CD127+ KLRG1- memory,1309.306033
10683,TMd21,14,Number of KLRG1+ CD127- effector,190.4192426
10684,SOL,14,Number of CD127+ KLRG1- memory,697.8664031
10684,SOL,14,Number of KLRG1+ CD127- effector,47.7487539
10685,SOL,14,Number of CD127+ KLRG1- memory,2313.811707
10685,SOL,14,Number of KLRG1+ CD127- effector,85.61938629
10686,SOL,14,Number of CD127+ KLRG1- memory,598.149973
10686,SOL,14,Number of KLRG1+ CD127- effector,18.96356951
10687,SOL,14,Number of CD127+ KLRG1- memory,544.1264329
10687,SOL,14,Number of KLRG1+ CD127- effector,6.196204144
10688,SOL,14,Number of CD127+ KLRG1- memory,1261.788478
10688,SOL,14,Number of KLRG1+ CD127- effector,6.09249837
10689,SOL,14,Number of CD127+ KLRG1- memory,675.4721286
10689,SOL,14,Number of KLRG1+ CD127- effector,13.98474096
10690,IC,14,Number of CD127+ KLRG1- memory,4545.713556
10690,IC,14,Number of KLRG1+ CD127- effector,34.92225523
10691,IC,14,Number of CD127+ KLRG1- memory,1129.70387
10691,IC,14,Number of KLRG1+ CD127- effector,0
10692,IC,14,Number of CD127+ KLRG1- memory,1301.680511
10692,IC,14,Number of KLRG1+ CD127- effector,0
10693,IC,14,Number of CD127+ KLRG1- memory,3724.118208
10693,IC,14,Number of KLRG1+ CD127- effector,5.454767016
10694,IC,14,Number of CD127+ KLRG1- memory,1847.357797
10694,IC,14,Number of KLRG1+ CD127- effector,15.07558824
NA,IC,14,Number of CD127+ KLRG1- memory,3093.775775
NA,IC,14,Number of KLRG1+ CD127- effector,15.29678999
