"Vaccine","Day","Median","Measurement_type","Cell_Type","Unit","baseline_Day","baseline_Median","Normalized"
"IC",8,27506,"A: Number of cell events","CD4","number",8,27506,1
"IC",14,70961,"A: Number of cell events","CD4","number",8,27506,2.57983712644514
"IC",28,108751,"A: Number of cell events","CD4","number",8,27506,3.95371918854068
"IC",60,33004,"A: Number of cell events","CD4","number",8,27506,1.19988366174653
"SOL",8,43536,"A: Number of cell events","CD4","number",8,43536,1
"SOL",14,63974,"A: Number of cell events","CD4","number",8,43536,1.46945056964351
"SOL",28,119760.5,"A: Number of cell events","CD4","number",8,43536,2.75083838662257
"SOL",60,31038,"A: Number of cell events","CD4","number",8,43536,0.712927232635061
"TM",8,70453.5,"A: Number of cell events","CD4","number",8,70453.5,1
"TM",14,63597,"A: Number of cell events","CD4","number",8,70453.5,0.902680491387937
"TM",28,83532,"A: Number of cell events","CD4","number",8,70453.5,1.18563307713598
"TM",60,28583,"A: Number of cell events","CD4","number",8,70453.5,0.405700213616073
"TMd21",8,57607,"A: Number of cell events","CD4","number",8,57607,1
"TMd21",14,86215,"A: Number of cell events","CD4","number",8,57607,1.49660631520475
"TMd21",28,101270,"A: Number of cell events","CD4","number",8,57607,1.75794608294131
"TMd21",60,31061.5,"A: Number of cell events","CD4","number",8,57607,0.539196625410106
"IC",8,966,"B: Number of bead events","CD4","number",8,966,1
"IC",14,972.5,"B: Number of bead events","CD4","number",8,966,1.00672877846791
"IC",28,996.5,"B: Number of bead events","CD4","number",8,966,1.0315734989648
"IC",60,965.5,"B: Number of bead events","CD4","number",8,966,0.999482401656315
"SOL",8,966.5,"B: Number of bead events","CD4","number",8,966.5,1
"SOL",14,981.5,"B: Number of bead events","CD4","number",8,966.5,1.01551991722711
"SOL",28,1004.5,"B: Number of bead events","CD4","number",8,966.5,1.03931712364201
"SOL",60,969,"B: Number of bead events","CD4","number",8,966.5,1.00258665287118
"TM",8,972.5,"B: Number of bead events","CD4","number",8,972.5,1
"TM",14,958.5,"B: Number of bead events","CD4","number",8,972.5,0.98560411311054
"TM",28,1003.5,"B: Number of bead events","CD4","number",8,972.5,1.0318766066838
"TM",60,966.5,"B: Number of bead events","CD4","number",8,972.5,0.993830334190231
"TMd21",8,967,"B: Number of bead events","CD4","number",8,967,1
"TMd21",14,978.5,"B: Number of bead events","CD4","number",8,967,1.01189245087901
"TMd21",28,998.5,"B: Number of bead events","CD4","number",8,967,1.03257497414685
"TMd21",60,965,"B: Number of bead events","CD4","number",8,967,0.997931747673216
"IC",8,32.05,"CD4 T cells (% live lymphocytes)","CD4","percentage",8,32.05,1
"IC",14,33.2,"CD4 T cells (% live lymphocytes)","CD4","percentage",8,32.05,1.03588143525741
"IC",28,36,"CD4 T cells (% live lymphocytes)","CD4","percentage",8,32.05,1.12324492979719
"IC",60,31.6,"CD4 T cells (% live lymphocytes)","CD4","percentage",8,32.05,0.985959438377535
"SOL",8,28.95,"CD4 T cells (% live lymphocytes)","CD4","percentage",8,28.95,1
"SOL",14,33.85,"CD4 T cells (% live lymphocytes)","CD4","percentage",8,28.95,1.1692573402418
"SOL",28,35.2,"CD4 T cells (% live lymphocytes)","CD4","percentage",8,28.95,1.21588946459413
"SOL",60,34.4,"CD4 T cells (% live lymphocytes)","CD4","percentage",8,28.95,1.18825561312608
"TM",8,25.8,"CD4 T cells (% live lymphocytes)","CD4","percentage",8,25.8,1
"TM",14,34.3,"CD4 T cells (% live lymphocytes)","CD4","percentage",8,25.8,1.32945736434109
"TM",28,39.15,"CD4 T cells (% live lymphocytes)","CD4","percentage",8,25.8,1.51744186046512
"TM",60,32.4,"CD4 T cells (% live lymphocytes)","CD4","percentage",8,25.8,1.25581395348837
"TMd21",8,28.7,"CD4 T cells (% live lymphocytes)","CD4","percentage",8,28.7,1
"TMd21",14,33.65,"CD4 T cells (% live lymphocytes)","CD4","percentage",8,28.7,1.17247386759582
"TMd21",28,33.45,"CD4 T cells (% live lymphocytes)","CD4","percentage",8,28.7,1.16550522648084
"TMd21",60,33.3,"CD4 T cells (% live lymphocytes)","CD4","percentage",8,28.7,1.1602787456446
"IC",8,18,"CD44+ CD62L+ TCM (% tetramer)","CD4","percentage",8,18,1
"IC",14,36.15,"CD44+ CD62L+ TCM (% tetramer)","CD4","percentage",8,18,2.00833333333333
"IC",28,44.2,"CD44+ CD62L+ TCM (% tetramer)","CD4","percentage",8,18,2.45555555555556
"IC",60,46.35,"CD44+ CD62L+ TCM (% tetramer)","CD4","percentage",8,18,2.575
"SOL",8,12.75,"CD44+ CD62L+ TCM (% tetramer)","CD4","percentage",8,12.75,1
"SOL",14,30.15,"CD44+ CD62L+ TCM (% tetramer)","CD4","percentage",8,12.75,2.36470588235294
"SOL",28,40.9,"CD44+ CD62L+ TCM (% tetramer)","CD4","percentage",8,12.75,3.2078431372549
"SOL",60,41.8,"CD44+ CD62L+ TCM (% tetramer)","CD4","percentage",8,12.75,3.27843137254902
"TM",8,9.455,"CD44+ CD62L+ TCM (% tetramer)","CD4","percentage",8,9.455,1
"TM",14,15.05,"CD44+ CD62L+ TCM (% tetramer)","CD4","percentage",8,9.455,1.59175039661555
"TM",28,28.65,"CD44+ CD62L+ TCM (% tetramer)","CD4","percentage",8,9.455,3.03014278159704
"TM",60,36.85,"CD44+ CD62L+ TCM (% tetramer)","CD4","percentage",8,9.455,3.89740877842411
"TMd21",8,15.1,"CD44+ CD62L+ TCM (% tetramer)","CD4","percentage",8,15.1,1
"TMd21",14,20.1,"CD44+ CD62L+ TCM (% tetramer)","CD4","percentage",8,15.1,1.33112582781457
"TMd21",28,24.1,"CD44+ CD62L+ TCM (% tetramer)","CD4","percentage",8,15.1,1.59602649006623
"TMd21",60,28.2,"CD44+ CD62L+ TCM (% tetramer)","CD4","percentage",8,15.1,1.86754966887417
"IC",8,81.1,"CD44+ CD62L- TEM (% tetramer)","CD4","percentage",8,81.1,1
"IC",14,64.2,"CD44+ CD62L- TEM (% tetramer)","CD4","percentage",8,81.1,0.791615289765721
"IC",28,55.8,"CD44+ CD62L- TEM (% tetramer)","CD4","percentage",8,81.1,0.688039457459926
"IC",60,52.5,"CD44+ CD62L- TEM (% tetramer)","CD4","percentage",8,81.1,0.647348951911221
"SOL",8,86.55,"CD44+ CD62L- TEM (% tetramer)","CD4","percentage",8,86.55,1
"SOL",14,69.45,"CD44+ CD62L- TEM (% tetramer)","CD4","percentage",8,86.55,0.802426343154246
"SOL",28,59.1,"CD44+ CD62L- TEM (% tetramer)","CD4","percentage",8,86.55,0.682842287694974
"SOL",60,56.5,"CD44+ CD62L- TEM (% tetramer)","CD4","percentage",8,86.55,0.652801848642403
"TM",8,89.95,"CD44+ CD62L- TEM (% tetramer)","CD4","percentage",8,89.95,1
"TM",14,85.25,"CD44+ CD62L- TEM (% tetramer)","CD4","percentage",8,89.95,0.94774874930517
"TM",28,70.9,"CD44+ CD62L- TEM (% tetramer)","CD4","percentage",8,89.95,0.788215675375209
"TM",60,61.8,"CD44+ CD62L- TEM (% tetramer)","CD4","percentage",8,89.95,0.687048360200111
"TMd21",8,84.1,"CD44+ CD62L- TEM (% tetramer)","CD4","percentage",8,84.1,1
"TMd21",14,80.1,"CD44+ CD62L- TEM (% tetramer)","CD4","percentage",8,84.1,0.95243757431629
"TMd21",28,75.7,"CD44+ CD62L- TEM (% tetramer)","CD4","percentage",8,84.1,0.900118906064209
"TMd21",60,71.8,"CD44+ CD62L- TEM (% tetramer)","CD4","percentage",8,84.1,0.853745541022592
"IC",8,33.75,"CXCR3+ CCR6- Th1 (% Teff)","CD4","percentage",8,33.75,1
"IC",14,20,"CXCR3+ CCR6- Th1 (% Teff)","CD4","percentage",8,33.75,0.592592592592593
"IC",28,0,"CXCR3+ CCR6- Th1 (% Teff)","CD4","percentage",8,33.75,0
"IC",60,16.65,"CXCR3+ CCR6- Th1 (% Teff)","CD4","percentage",8,33.75,0.493333333333333
"SOL",8,72.85,"CXCR3+ CCR6- Th1 (% Teff)","CD4","percentage",8,72.85,1
"SOL",14,53.35,"CXCR3+ CCR6- Th1 (% Teff)","CD4","percentage",8,72.85,0.732326698695951
"SOL",28,10.55,"CXCR3+ CCR6- Th1 (% Teff)","CD4","percentage",8,72.85,0.144818119423473
"SOL",60,50.8,"CXCR3+ CCR6- Th1 (% Teff)","CD4","percentage",8,72.85,0.69732326698696
"TM",8,81.45,"CXCR3+ CCR6- Th1 (% Teff)","CD4","percentage",8,81.45,1
"TM",14,74.75,"CXCR3+ CCR6- Th1 (% Teff)","CD4","percentage",8,81.45,0.917740945365255
"TM",28,32.1,"CXCR3+ CCR6- Th1 (% Teff)","CD4","percentage",8,81.45,0.394106813996317
"TM",60,55.75,"CXCR3+ CCR6- Th1 (% Teff)","CD4","percentage",8,81.45,0.684468999386126
"TMd21",8,64.2,"CXCR3+ CCR6- Th1 (% Teff)","CD4","percentage",8,64.2,1
"TMd21",14,54.7,"CXCR3+ CCR6- Th1 (% Teff)","CD4","percentage",8,64.2,0.85202492211838
"TMd21",28,36.65,"CXCR3+ CCR6- Th1 (% Teff)","CD4","percentage",8,64.2,0.570872274143302
"TMd21",60,22.2,"CXCR3+ CCR6- Th1 (% Teff)","CD4","percentage",8,64.2,0.345794392523364
"IC",8,2.265,"CXCR3+ CCR6- Th1 (% tetramer)","CD4","percentage",8,2.265,1
"IC",14,1.355,"CXCR3+ CCR6- Th1 (% tetramer)","CD4","percentage",8,2.265,0.598233995584989
"IC",28,0,"CXCR3+ CCR6- Th1 (% tetramer)","CD4","percentage",8,2.265,0
"IC",60,1.065,"CXCR3+ CCR6- Th1 (% tetramer)","CD4","percentage",8,2.265,0.470198675496689
"SOL",8,3.38,"CXCR3+ CCR6- Th1 (% tetramer)","CD4","percentage",8,3.38,1
"SOL",14,4.485,"CXCR3+ CCR6- Th1 (% tetramer)","CD4","percentage",8,3.38,1.32692307692308
"SOL",28,1.14,"CXCR3+ CCR6- Th1 (% tetramer)","CD4","percentage",8,3.38,0.337278106508876
"SOL",60,5.12,"CXCR3+ CCR6- Th1 (% tetramer)","CD4","percentage",8,3.38,1.51479289940828
"TM",8,2.085,"CXCR3+ CCR6- Th1 (% tetramer)","CD4","percentage",8,2.085,1
"TM",14,3.06,"CXCR3+ CCR6- Th1 (% tetramer)","CD4","percentage",8,2.085,1.46762589928058
"TM",28,2.815,"CXCR3+ CCR6- Th1 (% tetramer)","CD4","percentage",8,2.085,1.35011990407674
"TM",60,4.055,"CXCR3+ CCR6- Th1 (% tetramer)","CD4","percentage",8,2.085,1.94484412470024
"TMd21",8,2.41,"CXCR3+ CCR6- Th1 (% tetramer)","CD4","percentage",8,2.41,1
"TMd21",14,1.73,"CXCR3+ CCR6- Th1 (% tetramer)","CD4","percentage",8,2.41,0.717842323651452
"TMd21",28,2.925,"CXCR3+ CCR6- Th1 (% tetramer)","CD4","percentage",8,2.41,1.21369294605809
"TMd21",60,1.495,"CXCR3+ CCR6- Th1 (% tetramer)","CD4","percentage",8,2.41,0.620331950207469
"IC",8,5,"CXCR3- CCR6+ Th17 (% Teff)","CD4","percentage",8,5,1
"IC",14,0,"CXCR3- CCR6+ Th17 (% Teff)","CD4","percentage",8,5,0
"IC",28,0,"CXCR3- CCR6+ Th17 (% Teff)","CD4","percentage",8,5,0
"IC",60,0,"CXCR3- CCR6+ Th17 (% Teff)","CD4","percentage",8,5,0
"TM",8,0.405,"CXCR3- CCR6+ Th17 (% Teff)","CD4","percentage",8,0.405,1
"TM",14,0,"CXCR3- CCR6+ Th17 (% Teff)","CD4","percentage",8,0.405,0
"TM",28,0,"CXCR3- CCR6+ Th17 (% Teff)","CD4","percentage",8,0.405,0
"TM",60,0,"CXCR3- CCR6+ Th17 (% Teff)","CD4","percentage",8,0.405,0
"TMd21",8,1.34,"CXCR3- CCR6+ Th17 (% Teff)","CD4","percentage",8,1.34,1
"TMd21",14,0,"CXCR3- CCR6+ Th17 (% Teff)","CD4","percentage",8,1.34,0
"TMd21",28,3.335,"CXCR3- CCR6+ Th17 (% Teff)","CD4","percentage",8,1.34,2.48880597014925
"TMd21",60,0,"CXCR3- CCR6+ Th17 (% Teff)","CD4","percentage",8,1.34,0
"IC",8,0.18,"CXCR3- CCR6+ Th17 (% tetramer)","CD4","percentage",8,0.18,1
"IC",14,0,"CXCR3- CCR6+ Th17 (% tetramer)","CD4","percentage",8,0.18,0
"IC",28,0,"CXCR3- CCR6+ Th17 (% tetramer)","CD4","percentage",8,0.18,0
"IC",60,0,"CXCR3- CCR6+ Th17 (% tetramer)","CD4","percentage",8,0.18,0
"TM",8,0.0075,"CXCR3- CCR6+ Th17 (% tetramer)","CD4","percentage",8,0.0075,1
"TM",14,0,"CXCR3- CCR6+ Th17 (% tetramer)","CD4","percentage",8,0.0075,0
"TM",28,0,"CXCR3- CCR6+ Th17 (% tetramer)","CD4","percentage",8,0.0075,0
"TM",60,0,"CXCR3- CCR6+ Th17 (% tetramer)","CD4","percentage",8,0.0075,0
"TMd21",8,0.0585,"CXCR3- CCR6+ Th17 (% tetramer)","CD4","percentage",8,0.0585,1
"TMd21",14,0,"CXCR3- CCR6+ Th17 (% tetramer)","CD4","percentage",8,0.0585,0
"TMd21",28,0.255,"CXCR3- CCR6+ Th17 (% tetramer)","CD4","percentage",8,0.0585,4.35897435897436
"TMd21",60,0,"CXCR3- CCR6+ Th17 (% tetramer)","CD4","percentage",8,0.0585,0
"IC",8,55,"CXCR3- CCR6- Th2 (% Teff)","CD4","percentage",8,55,1
"IC",14,67.5,"CXCR3- CCR6- Th2 (% Teff)","CD4","percentage",8,55,1.22727272727273
"IC",28,83.35,"CXCR3- CCR6- Th2 (% Teff)","CD4","percentage",8,55,1.51545454545455
"IC",60,45,"CXCR3- CCR6- Th2 (% Teff)","CD4","percentage",8,55,0.818181818181818
"SOL",8,27.15,"CXCR3- CCR6- Th2 (% Teff)","CD4","percentage",8,27.15,1
"SOL",14,43.3,"CXCR3- CCR6- Th2 (% Teff)","CD4","percentage",8,27.15,1.59484346224678
"SOL",28,89.45,"CXCR3- CCR6- Th2 (% Teff)","CD4","percentage",8,27.15,3.29465930018416
"SOL",60,41.55,"CXCR3- CCR6- Th2 (% Teff)","CD4","percentage",8,27.15,1.53038674033149
"TM",8,15.2,"CXCR3- CCR6- Th2 (% Teff)","CD4","percentage",8,15.2,1
"TM",14,23.7,"CXCR3- CCR6- Th2 (% Teff)","CD4","percentage",8,15.2,1.55921052631579
"TM",28,65.8,"CXCR3- CCR6- Th2 (% Teff)","CD4","percentage",8,15.2,4.32894736842105
"TM",60,33.3,"CXCR3- CCR6- Th2 (% Teff)","CD4","percentage",8,15.2,2.19078947368421
"TMd21",8,29.4,"CXCR3- CCR6- Th2 (% Teff)","CD4","percentage",8,29.4,1
"TMd21",14,43.65,"CXCR3- CCR6- Th2 (% Teff)","CD4","percentage",8,29.4,1.48469387755102
"TMd21",28,56.7,"CXCR3- CCR6- Th2 (% Teff)","CD4","percentage",8,29.4,1.92857142857143
"TMd21",60,66.7,"CXCR3- CCR6- Th2 (% Teff)","CD4","percentage",8,29.4,2.2687074829932
"IC",8,3,"CXCR3- CCR6- Th2 (% tetramer)","CD4","percentage",8,3,1
"IC",14,4,"CXCR3- CCR6- Th2 (% tetramer)","CD4","percentage",8,3,1.33333333333333
"IC",28,9.95,"CXCR3- CCR6- Th2 (% tetramer)","CD4","percentage",8,3,3.31666666666667
"IC",60,3.125,"CXCR3- CCR6- Th2 (% tetramer)","CD4","percentage",8,3,1.04166666666667
"SOL",8,1.06,"CXCR3- CCR6- Th2 (% tetramer)","CD4","percentage",8,1.06,1
"SOL",14,2.495,"CXCR3- CCR6- Th2 (% tetramer)","CD4","percentage",8,1.06,2.35377358490566
"SOL",28,10.5,"CXCR3- CCR6- Th2 (% tetramer)","CD4","percentage",8,1.06,9.90566037735849
"SOL",60,6.19,"CXCR3- CCR6- Th2 (% tetramer)","CD4","percentage",8,1.06,5.83962264150943
"TM",8,0.465,"CXCR3- CCR6- Th2 (% tetramer)","CD4","percentage",8,0.465,1
"TM",14,1.26,"CXCR3- CCR6- Th2 (% tetramer)","CD4","percentage",8,0.465,2.70967741935484
"TM",28,5.385,"CXCR3- CCR6- Th2 (% tetramer)","CD4","percentage",8,0.465,11.5806451612903
"TM",60,2.65,"CXCR3- CCR6- Th2 (% tetramer)","CD4","percentage",8,0.465,5.6989247311828
"TMd21",8,1.085,"CXCR3- CCR6- Th2 (% tetramer)","CD4","percentage",8,1.085,1
"TMd21",14,1.635,"CXCR3- CCR6- Th2 (% tetramer)","CD4","percentage",8,1.085,1.50691244239631
"TMd21",28,4.87,"CXCR3- CCR6- Th2 (% tetramer)","CD4","percentage",8,1.085,4.48847926267281
"TMd21",60,2.675,"CXCR3- CCR6- Th2 (% tetramer)","CD4","percentage",8,1.085,2.46543778801843
"IC",8,17136.313974662,"Cells/µL","CD4","number",8,17136.313974662,1
"IC",14,26796.4366454099,"Cells/µL","CD4","number",8,17136.313974662,1.56372232004102
"IC",28,65684.1172143804,"Cells/µL","CD4","number",8,17136.313974662,3.83303651599182
"IC",60,20574.3249719885,"Cells/µL","CD4","number",8,17136.313974662,1.20062721787252
"SOL",8,26856.4441873842,"Cells/µL","CD4","number",8,26856.4441873842,1
"SOL",14,24705.5634146875,"Cells/µL","CD4","number",8,26856.4441873842,0.919911930347537
"SOL",28,71529.3051263704,"Cells/µL","CD4","number",8,26856.4441873842,2.66339447721718
"SOL",60,19217.9086146347,"Cells/µL","CD4","number",8,26856.4441873842,0.715579042428197
"TM",8,43382.5452087207,"Cells/µL","CD4","number",8,43382.5452087207,1
"TM",14,28406.4647137701,"Cells/µL","CD4","number",8,43382.5452087207,0.654790182943435
"TM",28,54385.6902732883,"Cells/µL","CD4","number",8,43382.5452087207,1.25363069436405
"TM",60,17702.9287152638,"Cells/µL","CD4","number",8,43382.5452087207,0.40806570085024
"TMd21",8,35608.6119631902,"Cells/µL","CD4","number",8,35608.6119631902,1
"TMd21",14,26009.5098670478,"Cells/µL","CD4","number",8,35608.6119631902,0.730427512702115
"TMd21",28,60812.7152746991,"Cells/µL","CD4","number",8,35608.6119631902,1.70780920462621
"TMd21",60,19296.4498337672,"Cells/µL","CD4","number",8,35608.6119631902,0.541904016188964
"IC",8,5.975,"Ly6C+ FOXP3- Teff (% tetramer)","CD4","percentage",8,5.975,1
"IC",14,5.77,"Ly6C+ FOXP3- Teff (% tetramer)","CD4","percentage",8,5.975,0.965690376569038
"IC",28,11.65,"Ly6C+ FOXP3- Teff (% tetramer)","CD4","percentage",8,5.975,1.94979079497908
"IC",60,6.68,"Ly6C+ FOXP3- Teff (% tetramer)","CD4","percentage",8,5.975,1.11799163179916
"SOL",8,4.82,"Ly6C+ FOXP3- Teff (% tetramer)","CD4","percentage",8,4.82,1
"SOL",14,7.88,"Ly6C+ FOXP3- Teff (% tetramer)","CD4","percentage",8,4.82,1.63485477178423
"SOL",28,10.95,"Ly6C+ FOXP3- Teff (% tetramer)","CD4","percentage",8,4.82,2.27178423236515
"SOL",60,11.8,"Ly6C+ FOXP3- Teff (% tetramer)","CD4","percentage",8,4.82,2.44813278008299
"TM",8,2.465,"Ly6C+ FOXP3- Teff (% tetramer)","CD4","percentage",8,2.465,1
"TM",14,4.3,"Ly6C+ FOXP3- Teff (% tetramer)","CD4","percentage",8,2.465,1.74442190669371
"TM",28,9.495,"Ly6C+ FOXP3- Teff (% tetramer)","CD4","percentage",8,2.465,3.85192697768763
"TM",60,6.995,"Ly6C+ FOXP3- Teff (% tetramer)","CD4","percentage",8,2.465,2.83772819472617
"TMd21",8,3.665,"Ly6C+ FOXP3- Teff (% tetramer)","CD4","percentage",8,3.665,1
"TMd21",14,3.365,"Ly6C+ FOXP3- Teff (% tetramer)","CD4","percentage",8,3.665,0.918144611186903
"TMd21",28,8.55,"Ly6C+ FOXP3- Teff (% tetramer)","CD4","percentage",8,3.665,2.33287858117326
"TMd21",60,4.585,"Ly6C+ FOXP3- Teff (% tetramer)","CD4","percentage",8,3.665,1.25102319236016
"IC",8,564708.027585138,"Number of CD4 T cells","CD4","number",8,564708.027585138,1
"IC",14,947760.606142343,"Number of CD4 T cells","CD4","number",8,564708.027585138,1.6783196976945
"IC",28,2290704.23234976,"Number of CD4 T cells","CD4","number",8,564708.027585138,4.05644000165095
"IC",60,652730.696659995,"Number of CD4 T cells","CD4","number",8,564708.027585138,1.15587288434923
"SOL",8,811716.412998976,"Number of CD4 T cells","CD4","number",8,811716.412998976,1
"SOL",14,849959.303907771,"Number of CD4 T cells","CD4","number",8,811716.412998976,1.04711361048805
"SOL",28,2517490.67374418,"Number of CD4 T cells","CD4","number",8,811716.412998976,3.10144113563384
"SOL",60,669464.813228486,"Number of CD4 T cells","CD4","number",8,811716.412998976,0.824752096307963
"TM",8,1225631.31357626,"Number of CD4 T cells","CD4","number",8,1225631.31357626,1
"TM",14,994169.086943311,"Number of CD4 T cells","CD4","number",8,1225631.31357626,0.811148569664423
"TM",28,1939509.52939424,"Number of CD4 T cells","CD4","number",8,1225631.31357626,1.58245755302625
"TM",60,582860.042464115,"Number of CD4 T cells","CD4","number",8,1225631.31357626,0.475559033134844
"TMd21",8,1027252.05291411,"Number of CD4 T cells","CD4","number",8,1027252.05291411,1
"TMd21",14,879402.264485133,"Number of CD4 T cells","CD4","number",8,1027252.05291411,0.856072530583359
"TMd21",28,2213495.98352829,"Number of CD4 T cells","CD4","number",8,1027252.05291411,2.15477396929901
"TMd21",60,706796.376789937,"Number of CD4 T cells","CD4","number",8,1027252.05291411,0.688045718463055
"IC",8,24.2884468774168,"Number of Ly6C+ FOXP3- Teff cells","CD4","number",8,24.2884468774168,1
"IC",14,9.1553655944056,"Number of Ly6C+ FOXP3- Teff cells","CD4","number",8,24.2884468774168,0.376943229042701
"IC",28,24.2231280135913,"Number of Ly6C+ FOXP3- Teff cells","CD4","number",8,24.2884468774168,0.997310702320525
"IC",60,5.64586888583162,"Number of Ly6C+ FOXP3- Teff cells","CD4","number",8,24.2884468774168,0.232450799111453
"SOL",8,139.966274504689,"Number of Ly6C+ FOXP3- Teff cells","CD4","number",8,139.966274504689,1
"SOL",14,38.7113876240704,"Number of Ly6C+ FOXP3- Teff cells","CD4","number",8,139.966274504689,0.276576537891444
"SOL",28,70.5687055860957,"Number of Ly6C+ FOXP3- Teff cells","CD4","number",8,139.966274504689,0.504183638778866
"SOL",60,17.0649003906345,"Number of Ly6C+ FOXP3- Teff cells","CD4","number",8,139.966274504689,0.121921516101101
"TM",8,334.69449752122,"Number of Ly6C+ FOXP3- Teff cells","CD4","number",8,334.69449752122,1
"TM",14,38.3560248296696,"Number of Ly6C+ FOXP3- Teff cells","CD4","number",8,334.69449752122,0.114600105809142
"TM",28,99.5036654029387,"Number of Ly6C+ FOXP3- Teff cells","CD4","number",8,334.69449752122,0.297296986176565
"TM",60,12.9646189565217,"Number of Ly6C+ FOXP3- Teff cells","CD4","number",8,334.69449752122,0.0387356800083028
"TMd21",8,168.215569651417,"Number of Ly6C+ FOXP3- Teff cells","CD4","number",8,168.215569651417,1
"TMd21",14,29.290878692013,"Number of Ly6C+ FOXP3- Teff cells","CD4","number",8,168.215569651417,0.174127036829651
"TMd21",28,91.1285468386012,"Number of Ly6C+ FOXP3- Teff cells","CD4","number",8,168.215569651417,0.541736695523734
"TMd21",60,7.13915914133383,"Number of Ly6C+ FOXP3- Teff cells","CD4","number",8,168.215569651417,0.0424405371995462
"IC",8,84.3387479177095,"Number of TCM cells","CD4","number",8,84.3387479177095,1
"IC",14,63.043123265949,"Number of TCM cells","CD4","number",8,84.3387479177095,0.747498923359179
"IC",28,56.0359140691921,"Number of TCM cells","CD4","number",8,84.3387479177095,0.664414820621563
"IC",60,35.0665301312651,"Number of TCM cells","CD4","number",8,84.3387479177095,0.415781962585927
"SOL",8,494.520379231202,"Number of TCM cells","CD4","number",8,494.520379231202,1
"SOL",14,170.47313744071,"Number of TCM cells","CD4","number",8,494.520379231202,0.344724190549503
"SOL",28,193.724308333287,"Number of TCM cells","CD4","number",8,494.520379231202,0.391741809780331
"SOL",60,64.3065469635022,"Number of TCM cells","CD4","number",8,494.520379231202,0.130038214124715
"TM",8,1490.07731136049,"Number of TCM cells","CD4","number",8,1490.07731136049,1
"TM",14,190.65828881394,"Number of TCM cells","CD4","number",8,1490.07731136049,0.127951944077226
"TM",28,348.251784081246,"Number of TCM cells","CD4","number",8,1490.07731136049,0.233713902913723
"TM",60,54.1738510806283,"Number of TCM cells","CD4","number",8,1490.07731136049,0.036356402897757
"TMd21",8,711.571660848926,"Number of TCM cells","CD4","number",8,711.571660848926,1
"TMd21",14,174.096704198279,"Number of TCM cells","CD4","number",8,711.571660848926,0.244665033442417
"TMd21",28,266.057601140576,"Number of TCM cells","CD4","number",8,711.571660848926,0.373901345119846
"TMd21",60,55.6177788206038,"Number of TCM cells","CD4","number",8,711.571660848926,0.0781618800757891
"IC",8,303.286731981132,"Number of TEM cells","CD4","number",8,303.286731981132,1
"IC",14,107.102564963808,"Number of TEM cells","CD4","number",8,303.286731981132,0.353139632136863
"IC",28,107.608207073609,"Number of TEM cells","CD4","number",8,303.286731981132,0.354806840281768
"IC",60,35.0297140626986,"Number of TEM cells","CD4","number",8,303.286731981132,0.115500318242995
"SOL",8,2952.81911283695,"Number of TEM cells","CD4","number",8,2952.81911283695,1
"SOL",14,317.11727425653,"Number of TEM cells","CD4","number",8,2952.81911283695,0.107394751299837
"SOL",28,325.053471132106,"Number of TEM cells","CD4","number",8,2952.81911283695,0.110082419108907
"SOL",60,117.796928547814,"Number of TEM cells","CD4","number",8,2952.81911283695,0.0398930391759213
"TM",8,9717.58083231601,"Number of TEM cells","CD4","number",8,9717.58083231601,1
"TM",14,1119.15514757311,"Number of TEM cells","CD4","number",8,9717.58083231601,0.115168082147703
"TM",28,763.156077916818,"Number of TEM cells","CD4","number",8,9717.58083231601,0.0785335456514987
"TM",60,98.8640689465442,"Number of TEM cells","CD4","number",8,9717.58083231601,0.0101737326040829
"TMd21",8,3939.22470905943,"Number of TEM cells","CD4","number",8,3939.22470905943,1
"TMd21",14,730.305624529967,"Number of TEM cells","CD4","number",8,3939.22470905943,0.185393238128916
"TMd21",28,861.646165161463,"Number of TEM cells","CD4","number",8,3939.22470905943,0.218734961521705
"TMd21",60,127.695953711939,"Number of TEM cells","CD4","number",8,3939.22470905943,0.0324165192755477
"IC",8,6.49086152830189,"Number of TFH cells","CD4","number",8,6.49086152830189,1
"IC",14,5.21763608757013,"Number of TFH cells","CD4","number",8,6.49086152830189,0.803843382703489
"IC",28,6.98474876133066,"Number of TFH cells","CD4","number",8,6.49086152830189,1.0760896270665
"IC",60,2.13456678586279,"Number of TFH cells","CD4","number",8,6.49086152830189,0.328857236678907
"SOL",8,984.636379444466,"Number of TFH cells","CD4","number",8,984.636379444466,1
"SOL",14,57.4627429714828,"Number of TFH cells","CD4","number",8,984.636379444466,0.058359353941303
"SOL",28,71.3655376509418,"Number of TFH cells","CD4","number",8,984.636379444466,0.0724790787145264
"SOL",60,3.70176844103627,"Number of TFH cells","CD4","number",8,984.636379444466,0.00375952840897958
"TM",8,5685.44976756387,"Number of TFH cells","CD4","number",8,5685.44976756387,1
"TM",14,344.708341085106,"Number of TFH cells","CD4","number",8,5685.44976756387,0.0606299158690499
"TM",28,173.157771365035,"Number of TFH cells","CD4","number",8,5685.44976756387,0.0304563013383601
"TM",60,8.98600541632761,"Number of TFH cells","CD4","number",8,5685.44976756387,0.00158052674523549
"TMd21",8,2017.85910087347,"Number of TFH cells","CD4","number",8,2017.85910087347,1
"TMd21",14,303.795920240157,"Number of TFH cells","CD4","number",8,2017.85910087347,0.150553584295679
"TMd21",28,210.780935336306,"Number of TFH cells","CD4","number",8,2017.85910087347,0.104457707302292
"TMd21",60,14.9530892690683,"Number of TFH cells","CD4","number",8,2017.85910087347,0.00741037333211006
"IC",8,7.40474183136815,"Number of Th1 cells","CD4","number",8,7.40474183136815,1
"IC",14,2.38978130863696,"Number of Th1 cells","CD4","number",8,7.40474183136815,0.322736614329119
"IC",28,7.90028464338537,"Number of Th1 cells","CD4","number",8,7.40474183136815,1.06692236181929
"IC",60,2.8237485242011,"Number of Th1 cells","CD4","number",8,7.40474183136815,0.381343278200337
"SOL",8,94.5790563449223,"Number of Th1 cells","CD4","number",8,94.5790563449223,1
"SOL",14,24.8006065569231,"Number of Th1 cells","CD4","number",8,94.5790563449223,0.262220913544297
"SOL",28,15.3719461473225,"Number of Th1 cells","CD4","number",8,94.5790563449223,0.162530128142347
"SOL",60,7.7845005272939,"Number of Th1 cells","CD4","number",8,94.5790563449223,0.0823068111285066
"TM",8,262.744122602797,"Number of Th1 cells","CD4","number",8,262.744122602797,1
"TM",14,31.0768718612027,"Number of Th1 cells","CD4","number",8,262.744122602797,0.118278085741172
"TM",28,44.7005359197617,"Number of Th1 cells","CD4","number",8,262.744122602797,0.170129536969083
"TM",60,8.3441625665478,"Number of Th1 cells","CD4","number",8,262.744122602797,0.031757751548879
"TMd21",8,103.8847582892,"Number of Th1 cells","CD4","number",8,103.8847582892,1
"TMd21",14,15.0383359304866,"Number of Th1 cells","CD4","number",8,103.8847582892,0.144759791312428
"TMd21",28,36.5423616565038,"Number of Th1 cells","CD4","number",8,103.8847582892,0.351758643503555
"TMd21",60,4.22306068583851,"Number of Th1 cells","CD4","number",8,103.8847582892,0.0406513982935025
"IC",8,2.23105642886598,"Number of Th17","CD4","number",8,2.23105642886598,1
"IC",14,4.15819706029412,"Number of Th17","CD4","number",8,2.23105642886598,1.86377942148585
"IC",60,2.16690345180842,"Number of Th17","CD4","number",8,2.23105642886598,0.971245470877593
"SOL",8,2.80557670044834,"Number of Th17","CD4","number",8,2.80557670044834,1
"SOL",14,3.16947383209696,"Number of Th17","CD4","number",8,2.80557670044834,1.12970493075112
"SOL",60,1.16445208290155,"Number of Th17","CD4","number",8,2.80557670044834,0.415049099429529
"TM",8,2.97154507958932,"Number of Th17","CD4","number",8,2.97154507958932,1
"TM",14,3.9728657352633,"Number of Th17","CD4","number",8,2.97154507958932,1.33696970056142
"TM",28,4.90777397338629,"Number of Th17","CD4","number",8,2.97154507958932,1.65158994460369
"TM",60,108.778517878517,"Number of Th17","CD4","number",8,2.97154507958932,36.6067197249286
"TMd21",8,3.0934105398773,"Number of Th17","CD4","number",8,3.0934105398773,1
"TMd21",14,2.26933729453319,"Number of Th17","CD4","number",8,3.0934105398773,0.733603660192869
"TMd21",28,6.81319808185039,"Number of Th17","CD4","number",8,3.0934105398773,2.20248751144445
"TMd21",60,3.80713095270051,"Number of Th17","CD4","number",8,3.0934105398773,1.23072282311792
"IC",8,11.7581190479731,"Number of Th2 cells","CD4","number",8,11.7581190479731,1
"IC",14,5.59382118020399,"Number of Th2 cells","CD4","number",8,11.7581190479731,0.475741158716053
"IC",28,20.8739618154709,"Number of Th2 cells","CD4","number",8,11.7581190479731,1.77528070011073
"IC",60,2.9356518453931,"Number of Th2 cells","CD4","number",8,11.7581190479731,0.249670192436023
"SOL",8,34.0439918161259,"Number of Th2 cells","CD4","number",8,34.0439918161259,1
"SOL",14,14.123352683834,"Number of Th2 cells","CD4","number",8,34.0439918161259,0.414855953441514
"SOL",28,51.7656862621582,"Number of Th2 cells","CD4","number",8,34.0439918161259,1.52055277600078
"SOL",60,12.2834987112025,"Number of Th2 cells","CD4","number",8,34.0439918161259,0.360812526848984
"TM",8,60.8077504200952,"Number of Th2 cells","CD4","number",8,60.8077504200952,1
"TM",14,12.2205316737775,"Number of Th2 cells","CD4","number",8,60.8077504200952,0.200969968291064
"TM",28,66.1632576083751,"Number of Th2 cells","CD4","number",8,60.8077504200952,1.0880727728173
"TM",60,4.62603243971223,"Number of Th2 cells","CD4","number",8,60.8077504200952,0.076076362104385
"TMd21",8,43.084826033543,"Number of Th2 cells","CD4","number",8,43.084826033543,1
"TMd21",14,14.3999580228825,"Number of Th2 cells","CD4","number",8,43.084826033543,0.334223422688806
"TMd21",28,41.3503212254931,"Number of Th2 cells","CD4","number",8,43.084826033543,0.959742095588376
"TMd21",60,8.59694448024517,"Number of Th2 cells","CD4","number",8,43.084826033543,0.199535318386853
"IC",8,386.19121242881,"Number of tetramer+ cells","CD4","number",8,386.19121242881,1
"IC",14,151.051611259364,"Number of tetramer+ cells","CD4","number",8,386.19121242881,0.391131663274728
"IC",28,154.609492921851,"Number of tetramer+ cells","CD4","number",8,386.19121242881,0.400344409572375
"IC",60,64.1589845869052,"Number of tetramer+ cells","CD4","number",8,386.19121242881,0.166132688994658
"SOL",8,3421.76450829958,"Number of tetramer+ cells","CD4","number",8,3421.76450829958,1
"SOL",14,497.108571012222,"Number of tetramer+ cells","CD4","number",8,3421.76450829958,0.145278428660556
"SOL",28,518.777779465393,"Number of tetramer+ cells","CD4","number",8,3421.76450829958,0.151611187212646
"SOL",60,182.659982500735,"Number of tetramer+ cells","CD4","number",8,3421.76450829958,0.0533818098988661
"TM",8,10808.7379409567,"Number of tetramer+ cells","CD4","number",8,10808.7379409567,1
"TM",14,1289.81598203881,"Number of tetramer+ cells","CD4","number",8,10808.7379409567,0.119330858892546
"TM",28,1154.83636447211,"Number of tetramer+ cells","CD4","number",8,10808.7379409567,0.106842849811002
"TM",60,160.276540186915,"Number of tetramer+ cells","CD4","number",8,10808.7379409567,0.0148284231759929
"TMd21",8,4684.90095590491,"Number of tetramer+ cells","CD4","number",8,4684.90095590491,1
"TMd21",14,905.343646011769,"Number of tetramer+ cells","CD4","number",8,4684.90095590491,0.19324712614696
"TMd21",28,1097.32010579839,"Number of tetramer+ cells","CD4","number",8,4684.90095590491,0.234224824841883
"TMd21",60,197.951237933006,"Number of tetramer+ cells","CD4","number",8,4684.90095590491,0.0422530251538201
"IC",8,1.765,"PD-1+ CXCR5+ BCL6+ TFH (% tetramer)","CD4","percentage",8,1.765,1
"IC",14,0,"PD-1+ CXCR5+ BCL6+ TFH (% tetramer)","CD4","percentage",8,1.765,0
"IC",28,0,"PD-1+ CXCR5+ BCL6+ TFH (% tetramer)","CD4","percentage",8,1.765,0
"IC",60,0,"PD-1+ CXCR5+ BCL6+ TFH (% tetramer)","CD4","percentage",8,1.765,0
"SOL",8,30.6,"PD-1+ CXCR5+ BCL6+ TFH (% tetramer)","CD4","percentage",8,30.6,1
"SOL",14,11.39,"PD-1+ CXCR5+ BCL6+ TFH (% tetramer)","CD4","percentage",8,30.6,0.372222222222222
"SOL",28,10.275,"PD-1+ CXCR5+ BCL6+ TFH (% tetramer)","CD4","percentage",8,30.6,0.33578431372549
"SOL",60,1.73,"PD-1+ CXCR5+ BCL6+ TFH (% tetramer)","CD4","percentage",8,30.6,0.0565359477124183
"TM",8,53.95,"PD-1+ CXCR5+ BCL6+ TFH (% tetramer)","CD4","percentage",8,53.95,1
"TM",14,26.1,"PD-1+ CXCR5+ BCL6+ TFH (% tetramer)","CD4","percentage",8,53.95,0.483781278962002
"TM",28,14.65,"PD-1+ CXCR5+ BCL6+ TFH (% tetramer)","CD4","percentage",8,53.95,0.271547729379055
"TM",60,4.18,"PD-1+ CXCR5+ BCL6+ TFH (% tetramer)","CD4","percentage",8,53.95,0.0774791473586654
"TMd21",8,43.35,"PD-1+ CXCR5+ BCL6+ TFH (% tetramer)","CD4","percentage",8,43.35,1
"TMd21",14,30.7,"PD-1+ CXCR5+ BCL6+ TFH (% tetramer)","CD4","percentage",8,43.35,0.708189158016148
"TMd21",28,17.35,"PD-1+ CXCR5+ BCL6+ TFH (% tetramer)","CD4","percentage",8,43.35,0.400230680507497
"TMd21",60,10.415,"PD-1+ CXCR5+ BCL6+ TFH (% tetramer)","CD4","percentage",8,43.35,0.240253748558247
"IC",8,0.075,"Tetramer+  (% CD4)","CD4","percentage",8,0.075,1
"IC",14,0.0215,"Tetramer+  (% CD4)","CD4","percentage",8,0.075,0.286666666666667
"IC",28,0.0074,"Tetramer+  (% CD4)","CD4","percentage",8,0.075,0.0986666666666667
"IC",60,0.012,"Tetramer+  (% CD4)","CD4","percentage",8,0.075,0.16
"SOL",8,0.47,"Tetramer+  (% CD4)","CD4","percentage",8,0.47,1
"SOL",14,0.0625,"Tetramer+  (% CD4)","CD4","percentage",8,0.47,0.132978723404255
"SOL",28,0.0255,"Tetramer+  (% CD4)","CD4","percentage",8,0.47,0.0542553191489362
"SOL",60,0.0245,"Tetramer+  (% CD4)","CD4","percentage",8,0.47,0.0521276595744681
"TM",8,0.92,"Tetramer+  (% CD4)","CD4","percentage",8,0.92,1
"TM",14,0.13,"Tetramer+  (% CD4)","CD4","percentage",8,0.92,0.141304347826087
"TM",28,0.0595,"Tetramer+  (% CD4)","CD4","percentage",8,0.92,0.0646739130434782
"TM",60,0.0275,"Tetramer+  (% CD4)","CD4","percentage",8,0.92,0.0298913043478261
"TMd21",8,0.465,"Tetramer+  (% CD4)","CD4","percentage",8,0.465,1
"TMd21",14,0.083,"Tetramer+  (% CD4)","CD4","percentage",8,0.465,0.178494623655914
"TMd21",28,0.051,"Tetramer+  (% CD4)","CD4","percentage",8,0.465,0.109677419354839
"TMd21",60,0.0235,"Tetramer+  (% CD4)","CD4","percentage",8,0.465,0.0505376344086022
"IC",8,1713631.3974662,"Total cells in sample","CD4","number",8,1713631.3974662,1
"IC",14,2679643.66454099,"Total cells in sample","CD4","number",8,1713631.3974662,1.56372232004102
"IC",28,6568411.72143804,"Total cells in sample","CD4","number",8,1713631.3974662,3.83303651599182
"IC",60,2057432.49719885,"Total cells in sample","CD4","number",8,1713631.3974662,1.20062721787252
"SOL",8,2685644.41873842,"Total cells in sample","CD4","number",8,2685644.41873842,1
"SOL",14,2470556.34146875,"Total cells in sample","CD4","number",8,2685644.41873842,0.919911930347537
"SOL",28,7152930.51263704,"Total cells in sample","CD4","number",8,2685644.41873842,2.66339447721718
"SOL",60,1921790.86146347,"Total cells in sample","CD4","number",8,2685644.41873842,0.715579042428197
"TM",8,4338254.52087206,"Total cells in sample","CD4","number",8,4338254.52087206,1
"TM",14,2840646.471377,"Total cells in sample","CD4","number",8,4338254.52087206,0.654790182943435
"TM",28,5438569.02732883,"Total cells in sample","CD4","number",8,4338254.52087206,1.25363069436405
"TM",60,1770292.87152638,"Total cells in sample","CD4","number",8,4338254.52087206,0.40806570085024
"TMd21",8,3560861.19631902,"Total cells in sample","CD4","number",8,3560861.19631902,1
"TMd21",14,2600950.98670478,"Total cells in sample","CD4","number",8,3560861.19631902,0.730427512702115
"TMd21",28,6081271.52746991,"Total cells in sample","CD4","number",8,3560861.19631902,1.70780920462621
"TMd21",60,1929644.98337671,"Total cells in sample","CD4","number",8,3560861.19631902,0.541904016188964
"IC",8,5.575,"CD127+ CD62L+ CX3CR1- KLRG1- TCM (% tetramer)","CD8","percentage",8,5.575,1
"IC",14,10.425,"CD127+ CD62L+ CX3CR1- KLRG1- TCM (% tetramer)","CD8","percentage",8,5.575,1.86995515695067
"IC",28,16.1,"CD127+ CD62L+ CX3CR1- KLRG1- TCM (% tetramer)","CD8","percentage",8,5.575,2.88789237668162
"IC",60,27.55,"CD127+ CD62L+ CX3CR1- KLRG1- TCM (% tetramer)","CD8","percentage",8,5.575,4.94170403587444
"SOL",8,14.65,"CD127+ CD62L+ CX3CR1- KLRG1- TCM (% tetramer)","CD8","percentage",8,14.65,1
"SOL",14,23.1,"CD127+ CD62L+ CX3CR1- KLRG1- TCM (% tetramer)","CD8","percentage",8,14.65,1.57679180887372
"SOL",28,30.55,"CD127+ CD62L+ CX3CR1- KLRG1- TCM (% tetramer)","CD8","percentage",8,14.65,2.08532423208191
"SOL",60,38.25,"CD127+ CD62L+ CX3CR1- KLRG1- TCM (% tetramer)","CD8","percentage",8,14.65,2.61092150170649
"TM",8,8.885,"CD127+ CD62L+ CX3CR1- KLRG1- TCM (% tetramer)","CD8","percentage",8,8.885,1
"TM",14,16,"CD127+ CD62L+ CX3CR1- KLRG1- TCM (% tetramer)","CD8","percentage",8,8.885,1.80078784468205
"TM",28,14.2,"CD127+ CD62L+ CX3CR1- KLRG1- TCM (% tetramer)","CD8","percentage",8,8.885,1.59819921215532
"TM",60,26.25,"CD127+ CD62L+ CX3CR1- KLRG1- TCM (% tetramer)","CD8","percentage",8,8.885,2.95441755768149
"TMd21",8,8.575,"CD127+ CD62L+ CX3CR1- KLRG1- TCM (% tetramer)","CD8","percentage",8,8.575,1
"TMd21",14,10.29,"CD127+ CD62L+ CX3CR1- KLRG1- TCM (% tetramer)","CD8","percentage",8,8.575,1.2
"TMd21",28,22.1,"CD127+ CD62L+ CX3CR1- KLRG1- TCM (% tetramer)","CD8","percentage",8,8.575,2.57725947521866
"TMd21",60,40.1,"CD127+ CD62L+ CX3CR1- KLRG1- TCM (% tetramer)","CD8","percentage",8,8.575,4.67638483965015
"IC",8,8.265,"CD127+ KLRG1- CD62L+ TCF1+ SLAMF6+ Tscm (% tetramer)","CD8","percentage",8,8.265,1
"IC",14,8.92,"CD127+ KLRG1- CD62L+ TCF1+ SLAMF6+ Tscm (% tetramer)","CD8","percentage",8,8.265,1.07924984875983
"IC",28,16.6,"CD127+ KLRG1- CD62L+ TCF1+ SLAMF6+ Tscm (% tetramer)","CD8","percentage",8,8.265,2.00846944948578
"IC",60,20.7,"CD127+ KLRG1- CD62L+ TCF1+ SLAMF6+ Tscm (% tetramer)","CD8","percentage",8,8.265,2.50453720508167
"SOL",8,12.7,"CD127+ KLRG1- CD62L+ TCF1+ SLAMF6+ Tscm (% tetramer)","CD8","percentage",8,12.7,1
"SOL",14,21.3,"CD127+ KLRG1- CD62L+ TCF1+ SLAMF6+ Tscm (% tetramer)","CD8","percentage",8,12.7,1.67716535433071
"SOL",28,33.35,"CD127+ KLRG1- CD62L+ TCF1+ SLAMF6+ Tscm (% tetramer)","CD8","percentage",8,12.7,2.6259842519685
"SOL",60,32.2,"CD127+ KLRG1- CD62L+ TCF1+ SLAMF6+ Tscm (% tetramer)","CD8","percentage",8,12.7,2.53543307086614
"TM",8,8.64,"CD127+ KLRG1- CD62L+ TCF1+ SLAMF6+ Tscm (% tetramer)","CD8","percentage",8,8.64,1
"TM",14,10.1,"CD127+ KLRG1- CD62L+ TCF1+ SLAMF6+ Tscm (% tetramer)","CD8","percentage",8,8.64,1.16898148148148
"TM",28,17.15,"CD127+ KLRG1- CD62L+ TCF1+ SLAMF6+ Tscm (% tetramer)","CD8","percentage",8,8.64,1.9849537037037
"TM",60,25,"CD127+ KLRG1- CD62L+ TCF1+ SLAMF6+ Tscm (% tetramer)","CD8","percentage",8,8.64,2.89351851851852
"TMd21",8,8.75,"CD127+ KLRG1- CD62L+ TCF1+ SLAMF6+ Tscm (% tetramer)","CD8","percentage",8,8.75,1
"TMd21",14,9.455,"CD127+ KLRG1- CD62L+ TCF1+ SLAMF6+ Tscm (% tetramer)","CD8","percentage",8,8.75,1.08057142857143
"TMd21",28,23.95,"CD127+ KLRG1- CD62L+ TCF1+ SLAMF6+ Tscm (% tetramer)","CD8","percentage",8,8.75,2.73714285714286
"TMd21",60,38.55,"CD127+ KLRG1- CD62L+ TCF1+ SLAMF6+ Tscm (% tetramer)","CD8","percentage",8,8.75,4.40571428571429
"IC",8,98,"CD127+ KLRG1- CD62L+ TCF1+ SLAMF6+ Tscm (%TCM)","CD8","percentage",8,98,1
"IC",14,90.6,"CD127+ KLRG1- CD62L+ TCF1+ SLAMF6+ Tscm (%TCM)","CD8","percentage",8,98,0.924489795918367
"IC",28,98.25,"CD127+ KLRG1- CD62L+ TCF1+ SLAMF6+ Tscm (%TCM)","CD8","percentage",8,98,1.00255102040816
"IC",60,97.7,"CD127+ KLRG1- CD62L+ TCF1+ SLAMF6+ Tscm (%TCM)","CD8","percentage",8,98,0.996938775510204
"SOL",8,98,"CD127+ KLRG1- CD62L+ TCF1+ SLAMF6+ Tscm (%TCM)","CD8","percentage",8,98,1
"SOL",14,93.6,"CD127+ KLRG1- CD62L+ TCF1+ SLAMF6+ Tscm (%TCM)","CD8","percentage",8,98,0.955102040816326
"SOL",28,96.8,"CD127+ KLRG1- CD62L+ TCF1+ SLAMF6+ Tscm (%TCM)","CD8","percentage",8,98,0.987755102040816
"SOL",60,98.6,"CD127+ KLRG1- CD62L+ TCF1+ SLAMF6+ Tscm (%TCM)","CD8","percentage",8,98,1.00612244897959
"TM",8,97,"CD127+ KLRG1- CD62L+ TCF1+ SLAMF6+ Tscm (%TCM)","CD8","percentage",8,97,1
"TM",14,87.9,"CD127+ KLRG1- CD62L+ TCF1+ SLAMF6+ Tscm (%TCM)","CD8","percentage",8,97,0.906185567010309
"TM",28,97.85,"CD127+ KLRG1- CD62L+ TCF1+ SLAMF6+ Tscm (%TCM)","CD8","percentage",8,97,1.00876288659794
"TM",60,97.75,"CD127+ KLRG1- CD62L+ TCF1+ SLAMF6+ Tscm (%TCM)","CD8","percentage",8,97,1.00773195876289
"TMd21",8,97,"CD127+ KLRG1- CD62L+ TCF1+ SLAMF6+ Tscm (%TCM)","CD8","percentage",8,97,1
"TMd21",14,85.15,"CD127+ KLRG1- CD62L+ TCF1+ SLAMF6+ Tscm (%TCM)","CD8","percentage",8,97,0.877835051546392
"TMd21",28,100,"CD127+ KLRG1- CD62L+ TCF1+ SLAMF6+ Tscm (%TCM)","CD8","percentage",8,97,1.03092783505155
"TMd21",60,95.85,"CD127+ KLRG1- CD62L+ TCF1+ SLAMF6+ Tscm (%TCM)","CD8","percentage",8,97,0.988144329896907
"IC",8,39.6,"CD127+ KLRG1- TCF1+ SLAMF6+ Tsl (% tetramer)","CD8","percentage",8,39.6,1
"IC",28,14.15,"CD127+ KLRG1- TCF1+ SLAMF6+ Tsl (% tetramer)","CD8","percentage",8,39.6,0.357323232323232
"SOL",8,55.7,"CD127+ KLRG1- TCF1+ SLAMF6+ Tsl (% tetramer)","CD8","percentage",8,55.7,1
"SOL",28,23.6,"CD127+ KLRG1- TCF1+ SLAMF6+ Tsl (% tetramer)","CD8","percentage",8,55.7,0.423698384201077
"TM",8,39.55,"CD127+ KLRG1- TCF1+ SLAMF6+ Tsl (% tetramer)","CD8","percentage",8,39.55,1
"TM",28,9.82,"CD127+ KLRG1- TCF1+ SLAMF6+ Tsl (% tetramer)","CD8","percentage",8,39.55,0.248293299620733
"TMd21",8,43.35,"CD127+ KLRG1- TCF1+ SLAMF6+ Tsl (% tetramer)","CD8","percentage",8,43.35,1
"TMd21",28,12.7,"CD127+ KLRG1- TCF1+ SLAMF6+ Tsl (% tetramer)","CD8","percentage",8,43.35,0.292964244521338
"IC",8,49.95,"CD127+ KLRG1- memory (% tetramer)","CD8","percentage",8,49.95,1
"IC",14,77.65,"CD127+ KLRG1- memory (% tetramer)","CD8","percentage",8,49.95,1.55455455455455
"IC",28,89,"CD127+ KLRG1- memory (% tetramer)","CD8","percentage",8,49.95,1.78178178178178
"IC",60,94.7,"CD127+ KLRG1- memory (% tetramer)","CD8","percentage",8,49.95,1.8958958958959
"SOL",8,46.1,"CD127+ KLRG1- memory (% tetramer)","CD8","percentage",8,46.1,1
"SOL",14,70.4,"CD127+ KLRG1- memory (% tetramer)","CD8","percentage",8,46.1,1.52711496746204
"SOL",28,86.3,"CD127+ KLRG1- memory (% tetramer)","CD8","percentage",8,46.1,1.87201735357918
"SOL",60,93.95,"CD127+ KLRG1- memory (% tetramer)","CD8","percentage",8,46.1,2.03796095444685
"TM",8,35.9,"CD127+ KLRG1- memory (% tetramer)","CD8","percentage",8,35.9,1
"TM",14,66.9,"CD127+ KLRG1- memory (% tetramer)","CD8","percentage",8,35.9,1.86350974930362
"TM",28,82.35,"CD127+ KLRG1- memory (% tetramer)","CD8","percentage",8,35.9,2.29387186629526
"TM",60,93.8,"CD127+ KLRG1- memory (% tetramer)","CD8","percentage",8,35.9,2.61281337047354
"TMd21",8,47.1,"CD127+ KLRG1- memory (% tetramer)","CD8","percentage",8,47.1,1
"TMd21",14,66.6,"CD127+ KLRG1- memory (% tetramer)","CD8","percentage",8,47.1,1.4140127388535
"TMd21",28,82.35,"CD127+ KLRG1- memory (% tetramer)","CD8","percentage",8,47.1,1.7484076433121
"TMd21",60,91.5,"CD127+ KLRG1- memory (% tetramer)","CD8","percentage",8,47.1,1.94267515923567
"IC",8,5.18,"CD127+ PD-1+ CXCR5+ KLRG1- TFH like (% tetramer)","CD8","percentage",8,5.18,1
"IC",60,4.32,"CD127+ PD-1+ CXCR5+ KLRG1- TFH like (% tetramer)","CD8","percentage",8,5.18,0.833976833976834
"SOL",8,10.13,"CD127+ PD-1+ CXCR5+ KLRG1- TFH like (% tetramer)","CD8","percentage",8,10.13,1
"SOL",60,5.66,"CD127+ PD-1+ CXCR5+ KLRG1- TFH like (% tetramer)","CD8","percentage",8,10.13,0.558736426456071
"TM",8,5.785,"CD127+ PD-1+ CXCR5+ KLRG1- TFH like (% tetramer)","CD8","percentage",8,5.785,1
"TM",60,1.495,"CD127+ PD-1+ CXCR5+ KLRG1- TFH like (% tetramer)","CD8","percentage",8,5.785,0.258426966292135
"TMd21",8,5.125,"CD127+ PD-1+ CXCR5+ KLRG1- TFH like (% tetramer)","CD8","percentage",8,5.125,1
"TMd21",60,1.725,"CD127+ PD-1+ CXCR5+ KLRG1- TFH like (% tetramer)","CD8","percentage",8,5.125,0.336585365853659
"IC",8,2.52,"CD127+ TCF1+ SLAMF6+ CD62L+ Tscm (% tetramer)","CD8","percentage",8,2.52,1
"SOL",8,14.35,"CD127+ TCF1+ SLAMF6+ CD62L+ Tscm (% tetramer)","CD8","percentage",8,14.35,1
"TM",8,6.48,"CD127+ TCF1+ SLAMF6+ CD62L+ Tscm (% tetramer)","CD8","percentage",8,6.48,1
"TMd21",8,6.25,"CD127+ TCF1+ SLAMF6+ CD62L+ Tscm (% tetramer)","CD8","percentage",8,6.25,1
"IC",8,13.5,"CD62L+ CX3CR1- TCM (% memory)","CD8","percentage",8,13.5,1
"IC",14,13.35,"CD62L+ CX3CR1- TCM (% memory)","CD8","percentage",8,13.5,0.988888888888889
"IC",28,17.85,"CD62L+ CX3CR1- TCM (% memory)","CD8","percentage",8,13.5,1.32222222222222
"IC",60,28.85,"CD62L+ CX3CR1- TCM (% memory)","CD8","percentage",8,13.5,2.13703703703704
"SOL",8,26.7,"CD62L+ CX3CR1- TCM (% memory)","CD8","percentage",8,26.7,1
"SOL",14,32.4,"CD62L+ CX3CR1- TCM (% memory)","CD8","percentage",8,26.7,1.21348314606742
"SOL",28,36.35,"CD62L+ CX3CR1- TCM (% memory)","CD8","percentage",8,26.7,1.36142322097378
"SOL",60,42.5,"CD62L+ CX3CR1- TCM (% memory)","CD8","percentage",8,26.7,1.59176029962547
"TM",8,24.8,"CD62L+ CX3CR1- TCM (% memory)","CD8","percentage",8,24.8,1
"TM",14,22.5,"CD62L+ CX3CR1- TCM (% memory)","CD8","percentage",8,24.8,0.907258064516129
"TM",28,15.5,"CD62L+ CX3CR1- TCM (% memory)","CD8","percentage",8,24.8,0.625
"TM",60,29.1,"CD62L+ CX3CR1- TCM (% memory)","CD8","percentage",8,24.8,1.17338709677419
"TMd21",8,20.05,"CD62L+ CX3CR1- TCM (% memory)","CD8","percentage",8,20.05,1
"TMd21",14,18.8,"CD62L+ CX3CR1- TCM (% memory)","CD8","percentage",8,20.05,0.937655860349127
"TMd21",28,29.4,"CD62L+ CX3CR1- TCM (% memory)","CD8","percentage",8,20.05,1.46633416458853
"TMd21",60,44.75,"CD62L+ CX3CR1- TCM (% memory)","CD8","percentage",8,20.05,2.23192019950125
"IC",8,8.525,"CD62L- CX3CR1hi TEM (% memory)","CD8","percentage",8,8.525,1
"IC",14,12.8,"CD62L- CX3CR1hi TEM (% memory)","CD8","percentage",8,8.525,1.50146627565982
"IC",28,19.55,"CD62L- CX3CR1hi TEM (% memory)","CD8","percentage",8,8.525,2.29325513196481
"IC",60,18.25,"CD62L- CX3CR1hi TEM (% memory)","CD8","percentage",8,8.525,2.14076246334311
"SOL",8,4.195,"CD62L- CX3CR1hi TEM (% memory)","CD8","percentage",8,4.195,1
"SOL",14,5.655,"CD62L- CX3CR1hi TEM (% memory)","CD8","percentage",8,4.195,1.34803337306317
"SOL",28,8.8,"CD62L- CX3CR1hi TEM (% memory)","CD8","percentage",8,4.195,2.09773539928486
"SOL",60,10.17,"CD62L- CX3CR1hi TEM (% memory)","CD8","percentage",8,4.195,2.42431466030989
"TM",8,7.175,"CD62L- CX3CR1hi TEM (% memory)","CD8","percentage",8,7.175,1
"TM",14,13.7,"CD62L- CX3CR1hi TEM (% memory)","CD8","percentage",8,7.175,1.90940766550523
"TM",28,19.4,"CD62L- CX3CR1hi TEM (% memory)","CD8","percentage",8,7.175,2.70383275261324
"TM",60,20.1,"CD62L- CX3CR1hi TEM (% memory)","CD8","percentage",8,7.175,2.801393728223
"TMd21",8,6.135,"CD62L- CX3CR1hi TEM (% memory)","CD8","percentage",8,6.135,1
"TMd21",14,11.15,"CD62L- CX3CR1hi TEM (% memory)","CD8","percentage",8,6.135,1.81744091279544
"TMd21",28,14.8,"CD62L- CX3CR1hi TEM (% memory)","CD8","percentage",8,6.135,2.41238793806031
"TMd21",60,12.75,"CD62L- CX3CR1hi TEM (% memory)","CD8","percentage",8,6.135,2.07823960880196
"IC",8,4.055,"CD62L- CX3CR1hi TEM (% tetramer)","CD8","percentage",8,4.055,1
"IC",14,9.69,"CD62L- CX3CR1hi TEM (% tetramer)","CD8","percentage",8,4.055,2.38964241676942
"IC",28,17,"CD62L- CX3CR1hi TEM (% tetramer)","CD8","percentage",8,4.055,4.19235511713933
"IC",60,17.7,"CD62L- CX3CR1hi TEM (% tetramer)","CD8","percentage",8,4.055,4.36498150431566
"SOL",8,1.79,"CD62L- CX3CR1hi TEM (% tetramer)","CD8","percentage",8,1.79,1
"SOL",14,3.875,"CD62L- CX3CR1hi TEM (% tetramer)","CD8","percentage",8,1.79,2.16480446927374
"SOL",28,7.69,"CD62L- CX3CR1hi TEM (% tetramer)","CD8","percentage",8,1.79,4.29608938547486
"SOL",60,9.775,"CD62L- CX3CR1hi TEM (% tetramer)","CD8","percentage",8,1.79,5.4608938547486
"TM",8,2.49,"CD62L- CX3CR1hi TEM (% tetramer)","CD8","percentage",8,2.49,1
"TM",14,8.09,"CD62L- CX3CR1hi TEM (% tetramer)","CD8","percentage",8,2.49,3.24899598393574
"TM",28,16.4,"CD62L- CX3CR1hi TEM (% tetramer)","CD8","percentage",8,2.49,6.5863453815261
"TM",60,17.75,"CD62L- CX3CR1hi TEM (% tetramer)","CD8","percentage",8,2.49,7.1285140562249
"TMd21",8,2.915,"CD62L- CX3CR1hi TEM (% tetramer)","CD8","percentage",8,2.915,1
"TMd21",14,7.11,"CD62L- CX3CR1hi TEM (% tetramer)","CD8","percentage",8,2.915,2.43910806174957
"TMd21",28,12.55,"CD62L- CX3CR1hi TEM (% tetramer)","CD8","percentage",8,2.915,4.30531732418525
"TMd21",60,11.5,"CD62L- CX3CR1hi TEM (% tetramer)","CD8","percentage",8,2.915,3.9451114922813
"IC",8,29.65,"CD8 T cells (% of live lymphocytes)","CD8","percentage",8,29.65,1
"IC",14,25.85,"CD8 T cells (% of live lymphocytes)","CD8","percentage",8,29.65,0.871838111298482
"IC",28,29.25,"CD8 T cells (% of live lymphocytes)","CD8","percentage",8,29.65,0.986509274873524
"IC",60,25.2,"CD8 T cells (% of live lymphocytes)","CD8","percentage",8,29.65,0.849915682967959
"SOL",8,25.7,"CD8 T cells (% of live lymphocytes)","CD8","percentage",8,25.7,1
"SOL",14,25.4,"CD8 T cells (% of live lymphocytes)","CD8","percentage",8,25.7,0.988326848249027
"SOL",28,29.7,"CD8 T cells (% of live lymphocytes)","CD8","percentage",8,25.7,1.1556420233463
"SOL",60,27.1,"CD8 T cells (% of live lymphocytes)","CD8","percentage",8,25.7,1.05447470817121
"TM",8,24.45,"CD8 T cells (% of live lymphocytes)","CD8","percentage",8,24.45,1
"TM",14,21.1,"CD8 T cells (% of live lymphocytes)","CD8","percentage",8,24.45,0.862985685071575
"TM",28,24.65,"CD8 T cells (% of live lymphocytes)","CD8","percentage",8,24.45,1.0081799591002
"TM",60,27.7,"CD8 T cells (% of live lymphocytes)","CD8","percentage",8,24.45,1.13292433537832
"TMd21",8,25.6,"CD8 T cells (% of live lymphocytes)","CD8","percentage",8,25.6,1
"TMd21",14,24.55,"CD8 T cells (% of live lymphocytes)","CD8","percentage",8,25.6,0.958984375
"TMd21",28,27.5,"CD8 T cells (% of live lymphocytes)","CD8","percentage",8,25.6,1.07421875
"TMd21",60,25.3,"CD8 T cells (% of live lymphocytes)","CD8","percentage",8,25.6,0.98828125
"IC",8,79.657675018423,"Cell/bead ratio","CD8","number",8,79.657675018423,1
"IC",14,102.175617814389,"Cell/bead ratio","CD8","number",8,79.657675018423,1.28268390699023
"IC",28,59.4783459542245,"Cell/bead ratio","CD8","number",8,79.657675018423,0.746674390640556
"IC",60,58.4334772586849,"Cell/bead ratio","CD8","number",8,79.657675018423,0.733557403541726
"SOL",8,120.579360561056,"Cell/bead ratio","CD8","number",8,120.579360561056,1
"SOL",14,100.275650920681,"Cell/bead ratio","CD8","number",8,120.579360561056,0.831615381389466
"SOL",28,48.3680082138773,"Cell/bead ratio","CD8","number",8,120.579360561056,0.401130077227321
"SOL",60,52.5733220091506,"Cell/bead ratio","CD8","number",8,120.579360561056,0.436005977843362
"TM",8,119.135557416937,"Cell/bead ratio","CD8","number",8,119.135557416937,1
"TM",14,136.914708442124,"Cell/bead ratio","CD8","number",8,119.135557416937,1.1492346316303
"TM",28,49.7453089347679,"Cell/bead ratio","CD8","number",8,119.135557416937,0.41755215666365
"TM",60,37.0790292818042,"Cell/bead ratio","CD8","number",8,119.135557416937,0.311233942961624
"TMd21",8,101.592274290378,"Cell/bead ratio","CD8","number",8,101.592274290378,1
"TMd21",14,131.232934338023,"Cell/bead ratio","CD8","number",8,101.592274290378,1.29176096563135
"TMd21",28,42.8957626457627,"Cell/bead ratio","CD8","number",8,101.592274290378,0.422234495146307
"TMd21",60,38.7977154916303,"Cell/bead ratio","CD8","number",8,101.592274290378,0.381896318028438
"IC",8,3850747.85665761,"Cells in total sample vol","CD8","number",8,3850747.85665761,1
"IC",14,4477487.53465565,"Cells in total sample vol","CD8","number",8,3850747.85665761,1.16275791127546
"IC",28,3568700.75725347,"Cells in total sample vol","CD8","number",8,3850747.85665761,0.926755240825102
"IC",60,3506008.6355211,"Cells in total sample vol","CD8","number",8,3850747.85665761,0.910474735306159
"SOL",8,5440226.99547134,"Cells in total sample vol","CD8","number",8,5440226.99547134,1
"SOL",14,4225448.75937278,"Cells in total sample vol","CD8","number",8,5440226.99547134,0.776704494663589
"SOL",28,2902080.49283264,"Cells in total sample vol","CD8","number",8,5440226.99547134,0.533448419569339
"SOL",60,3154399.32054903,"Cells in total sample vol","CD8","number",8,5440226.99547134,0.57982862170547
"TM",8,5499506.67586034,"Cells in total sample vol","CD8","number",8,5499506.67586034,1
"TM",14,6054012.67605634,"Cells in total sample vol","CD8","number",8,5499506.67586034,1.10082831658882
"TM",28,2984718.53608608,"Cells in total sample vol","CD8","number",8,5499506.67586034,0.542724777330896
"TM",60,2224741.75690825,"Cells in total sample vol","CD8","number",8,5499506.67586034,0.404534786124287
"TMd21",8,4442217.75915871,"Cells in total sample vol","CD8","number",8,4442217.75915871,1
"TMd21",14,5566728.18681318,"Cells in total sample vol","CD8","number",8,4442217.75915871,1.25314167126004
"TMd21",28,2573745.75874576,"Cells in total sample vol","CD8","number",8,4442217.75915871,0.579383069062599
"TMd21",60,2327862.92949782,"Cells in total sample vol","CD8","number",8,4442217.75915871,0.524031701214639
"IC",8,40354.6927729231,"Cells/µL","CD8","number",8,40354.6927729231,1
"IC",14,42934.2492284886,"Cells/µL","CD8","number",8,40354.6927729231,1.06392209377186
"IC",28,35687.0075725347,"Cells/µL","CD8","number",8,40354.6927729231,0.884333521589334
"IC",60,35060.086355211,"Cells/µL","CD8","number",8,40354.6927729231,0.868798247393308
"SOL",8,59675.7606977425,"Cells/µL","CD8","number",8,59675.7606977425,1
"SOL",14,38413.1705397526,"Cells/µL","CD8","number",8,59675.7606977425,0.643698045749515
"SOL",28,29020.8049283264,"Cells/µL","CD8","number",8,59675.7606977425,0.486308085376853
"SOL",60,31543.9932054904,"Cells/µL","CD8","number",8,59675.7606977425,0.528589712752228
"TM",8,63605.0550352398,"Cells/µL","CD8","number",8,63605.0550352398,1
"TM",14,55036.4788732394,"Cells/µL","CD8","number",8,63605.0550352398,0.865284667118783
"TM",28,29847.1853608608,"Cells/µL","CD8","number",8,63605.0550352398,0.469258069886493
"TM",60,22247.4175690825,"Cells/µL","CD8","number",8,63605.0550352398,0.34977436237979
"TMd21",8,46662.0541586074,"Cells/µL","CD8","number",8,46662.0541586074,1
"TMd21",14,52591.851075366,"Cells/µL","CD8","number",8,46662.0541586074,1.12707963727021
"TMd21",28,25737.4575874575,"Cells/µL","CD8","number",8,46662.0541586074,0.551571465327571
"TMd21",60,23278.6292949782,"Cells/µL","CD8","number",8,46662.0541586074,0.498877079347013
"IC",8,0.995,"KLRG1+ CD127- effector (% tetramer)","CD8","percentage",8,0.995,1
"IC",14,0.615,"KLRG1+ CD127- effector (% tetramer)","CD8","percentage",8,0.995,0.618090452261307
"IC",28,0.995,"KLRG1+ CD127- effector (% tetramer)","CD8","percentage",8,0.995,1
"IC",60,0,"KLRG1+ CD127- effector (% tetramer)","CD8","percentage",8,0.995,0
"SOL",8,1.255,"KLRG1+ CD127- effector (% tetramer)","CD8","percentage",8,1.255,1
"SOL",14,1.79,"KLRG1+ CD127- effector (% tetramer)","CD8","percentage",8,1.255,1.42629482071713
"SOL",28,0.39,"KLRG1+ CD127- effector (% tetramer)","CD8","percentage",8,1.255,0.310756972111554
"SOL",60,0,"KLRG1+ CD127- effector (% tetramer)","CD8","percentage",8,1.255,0
"TM",8,5.01,"KLRG1+ CD127- effector (% tetramer)","CD8","percentage",8,5.01,1
"TM",14,3.53,"KLRG1+ CD127- effector (% tetramer)","CD8","percentage",8,5.01,0.704590818363273
"TM",28,3.275,"KLRG1+ CD127- effector (% tetramer)","CD8","percentage",8,5.01,0.653692614770459
"TM",60,0,"KLRG1+ CD127- effector (% tetramer)","CD8","percentage",8,5.01,0
"TMd21",8,2.775,"KLRG1+ CD127- effector (% tetramer)","CD8","percentage",8,2.775,1
"TMd21",14,2.995,"KLRG1+ CD127- effector (% tetramer)","CD8","percentage",8,2.775,1.07927927927928
"TMd21",28,0.905,"KLRG1+ CD127- effector (% tetramer)","CD8","percentage",8,2.775,0.326126126126126
"TMd21",60,0,"KLRG1+ CD127- effector (% tetramer)","CD8","percentage",8,2.775,0
"IC",8,212.74404020377,"Number CD127+ CD62L+ CX3CR1-KLRG1- TCM","CD8","number",8,212.74404020377,1
"IC",14,73.4309307471848,"Number CD127+ CD62L+ CX3CR1-KLRG1- TCM","CD8","number",8,212.74404020377,0.345160929898912
"IC",28,60.3438064301386,"Number CD127+ CD62L+ CX3CR1-KLRG1- TCM","CD8","number",8,212.74404020377,0.283645108799947
"IC",60,53.7114976183399,"Number CD127+ CD62L+ CX3CR1-KLRG1- TCM","CD8","number",8,212.74404020377,0.252470046008782
"SOL",8,305.095223388377,"Number CD127+ CD62L+ CX3CR1-KLRG1- TCM","CD8","number",8,305.095223388377,1
"SOL",14,102.687289720996,"Number CD127+ CD62L+ CX3CR1-KLRG1- TCM","CD8","number",8,305.095223388377,0.336574557217104
"SOL",28,46.1379114857494,"Number CD127+ CD62L+ CX3CR1-KLRG1- TCM","CD8","number",8,305.095223388377,0.151224627424
"SOL",60,44.8108507564873,"Number CD127+ CD62L+ CX3CR1-KLRG1- TCM","CD8","number",8,305.095223388377,0.146874966637693
"TM",8,309.322812980459,"Number CD127+ CD62L+ CX3CR1-KLRG1- TCM","CD8","number",8,309.322812980459,1
"TM",14,95.6403638666666,"Number CD127+ CD62L+ CX3CR1-KLRG1- TCM","CD8","number",8,309.322812980459,0.309192726346726
"TM",28,41.6929173353372,"Number CD127+ CD62L+ CX3CR1-KLRG1- TCM","CD8","number",8,309.322812980459,0.134787722035785
"TM",60,41.7135392790657,"Number CD127+ CD62L+ CX3CR1-KLRG1- TCM","CD8","number",8,309.322812980459,0.134854390069513
"TMd21",8,169.649104239929,"Number CD127+ CD62L+ CX3CR1-KLRG1- TCM","CD8","number",8,169.649104239929,1
"TMd21",14,52.9248114645211,"Number CD127+ CD62L+ CX3CR1-KLRG1- TCM","CD8","number",8,169.649104239929,0.311966347842729
"TMd21",28,46.8276221950208,"Number CD127+ CD62L+ CX3CR1-KLRG1- TCM","CD8","number",8,169.649104239929,0.276026345112875
"TMd21",60,33.6974143245682,"Number CD127+ CD62L+ CX3CR1-KLRG1- TCM","CD8","number",8,169.649104239929,0.198630075151538
"IC",8,192.853737874897,"Number CD62L- CX3CR1hi TEM","CD8","number",8,192.853737874897,1
"IC",14,88.1858501749694,"Number CD62L- CX3CR1hi TEM","CD8","number",8,192.853737874897,0.457268037149351
"IC",28,60.4101472588046,"Number CD62L- CX3CR1hi TEM","CD8","number",8,192.853737874897,0.313243331057407
"IC",60,43.5695075384733,"Number CD62L- CX3CR1hi TEM","CD8","number",8,192.853737874897,0.225919953735803
"SOL",8,67.5469079333971,"Number CD62L- CX3CR1hi TEM","CD8","number",8,67.5469079333971,1
"SOL",14,26.6850146658475,"Number CD62L- CX3CR1hi TEM","CD8","number",8,67.5469079333971,0.395059011319357
"SOL",28,12.0360017331103,"Number CD62L- CX3CR1hi TEM","CD8","number",8,67.5469079333971,0.178187308662272
"SOL",60,10.8023705027048,"Number CD62L- CX3CR1hi TEM","CD8","number",8,67.5469079333971,0.159923982210351
"TM",8,80.4475817474476,"Number CD62L- CX3CR1hi TEM","CD8","number",8,80.4475817474476,1
"TM",14,147.34508888778,"Number CD62L- CX3CR1hi TEM","CD8","number",8,80.4475817474476,1.83156641489046
"TM",28,41.3311562333727,"Number CD62L- CX3CR1hi TEM","CD8","number",8,80.4475817474476,0.513765054655407
"TM",60,24.6759096372984,"Number CD62L- CX3CR1hi TEM","CD8","number",8,80.4475817474476,0.306732770597934
"TMd21",8,63.870927188838,"Number CD62L- CX3CR1hi TEM","CD8","number",8,63.870927188838,1
"TMd21",14,72.4988360426166,"Number CD62L- CX3CR1hi TEM","CD8","number",8,63.870927188838,1.13508350721557
"TMd21",28,21.4510480184986,"Number CD62L- CX3CR1hi TEM","CD8","number",8,63.870927188838,0.33584995494237
"TMd21",60,13.3022715517241,"Number CD62L- CX3CR1hi TEM","CD8","number",8,63.870927188838,0.20826802016503
"IC",8,334.23202087533,"Number of CD127+ KLRG1- TCF1+ SLAMF6+ Tscm","CD8","number",8,334.23202087533,1
"IC",14,120.542550102367,"Number of CD127+ KLRG1- TCF1+ SLAMF6+ Tscm","CD8","number",8,334.23202087533,0.360655301029131
"IC",28,96.7039508911803,"Number of CD127+ KLRG1- TCF1+ SLAMF6+ Tscm","CD8","number",8,334.23202087533,0.289331796031749
"IC",60,70.6954428066568,"Number of CD127+ KLRG1- TCF1+ SLAMF6+ Tscm","CD8","number",8,334.23202087533,0.211516067854631
"SOL",8,414.071331534258,"Number of CD127+ KLRG1- TCF1+ SLAMF6+ Tscm","CD8","number",8,414.071331534258,1
"SOL",14,138.386665126706,"Number of CD127+ KLRG1- TCF1+ SLAMF6+ Tscm","CD8","number",8,414.071331534258,0.33420972327145
"SOL",28,78.4893449905749,"Number of CD127+ KLRG1- TCF1+ SLAMF6+ Tscm","CD8","number",8,414.071331534258,0.189555129788262
"SOL",60,54.312802988285,"Number of CD127+ KLRG1- TCF1+ SLAMF6+ Tscm","CD8","number",8,414.071331534258,0.131167745390727
"TM",8,508.556107567624,"Number of CD127+ KLRG1- TCF1+ SLAMF6+ Tscm","CD8","number",8,508.556107567624,1
"TM",14,193.219323948718,"Number of CD127+ KLRG1- TCF1+ SLAMF6+ Tscm","CD8","number",8,508.556107567624,0.379937082798726
"TM",28,54.1662442654185,"Number of CD127+ KLRG1- TCF1+ SLAMF6+ Tscm","CD8","number",8,508.556107567624,0.106509868742882
"TM",60,73.6322062806326,"Number of CD127+ KLRG1- TCF1+ SLAMF6+ Tscm","CD8","number",8,508.556107567624,0.144786789864364
"TMd21",8,229.876176712231,"Number of CD127+ KLRG1- TCF1+ SLAMF6+ Tscm","CD8","number",8,229.876176712231,1
"TMd21",14,70.7106450638433,"Number of CD127+ KLRG1- TCF1+ SLAMF6+ Tscm","CD8","number",8,229.876176712231,0.307603189139351
"TMd21",28,52.0327518330702,"Number of CD127+ KLRG1- TCF1+ SLAMF6+ Tscm","CD8","number",8,229.876176712231,0.226351214715942
"TMd21",60,55.1098407411291,"Number of CD127+ KLRG1- TCF1+ SLAMF6+ Tscm","CD8","number",8,229.876176712231,0.239737068578959
"IC",60,12.4666123992497,"Number of CD127+ KLRG1- TCF1+ SLAMF6+ Tscm cells","CD8","number",60,12.4666123992497,1
"SOL",60,15.6898510149522,"Number of CD127+ KLRG1- TCF1+ SLAMF6+ Tscm cells","CD8","number",60,15.6898510149522,1
"TM",60,10.0682402320575,"Number of CD127+ KLRG1- TCF1+ SLAMF6+ Tscm cells","CD8","number",60,10.0682402320575,1
"TMd21",60,19.5010179593577,"Number of CD127+ KLRG1- TCF1+ SLAMF6+ Tscm cells","CD8","number",60,19.5010179593577,1
"IC",8,590.078841869683,"Number of CD127+ KLRG1- TCF1+ SLAMF6+ Tsl cells","CD8","number",8,590.078841869683,1
"IC",28,29.966213022172,"Number of CD127+ KLRG1- TCF1+ SLAMF6+ Tsl cells","CD8","number",8,590.078841869683,0.0507834053619397
"SOL",8,782.669632929807,"Number of CD127+ KLRG1- TCF1+ SLAMF6+ Tsl cells","CD8","number",8,782.669632929807,1
"SOL",28,13.7348399093432,"Number of CD127+ KLRG1- TCF1+ SLAMF6+ Tsl cells","CD8","number",8,782.669632929807,0.0175487067997372
"TM",8,931.016946680531,"Number of CD127+ KLRG1- TCF1+ SLAMF6+ Tsl cells","CD8","number",8,931.016946680531,1
"TM",28,18.0655969870598,"Number of CD127+ KLRG1- TCF1+ SLAMF6+ Tsl cells","CD8","number",8,931.016946680531,0.0194041548346368
"TMd21",8,391.411423930786,"Number of CD127+ KLRG1- TCF1+ SLAMF6+ Tsl cells","CD8","number",8,391.411423930786,1
"TMd21",28,13.1943976957529,"Number of CD127+ KLRG1- TCF1+ SLAMF6+ Tsl cells","CD8","number",8,391.411423930786,0.0337097920220287
"IC",8,1774.310634071,"Number of CD127+ KLRG1- memory","CD8","number",8,1774.310634071,1
"IC",14,913.56525482082,"Number of CD127+ KLRG1- memory","CD8","number",8,1774.310634071,0.51488461900537
"IC",28,304.712669013228,"Number of CD127+ KLRG1- memory","CD8","number",8,1774.310634071,0.171735807226772
"IC",60,233.923172194787,"Number of CD127+ KLRG1- memory","CD8","number",8,1774.310634071,0.131838905602494
"SOL",8,1220.22139883303,"Number of CD127+ KLRG1- memory","CD8","number",8,1220.22139883303,1
"SOL",14,477.346650062017,"Number of CD127+ KLRG1- memory","CD8","number",8,1220.22139883303,0.391196753735455
"SOL",28,111.660683947482,"Number of CD127+ KLRG1- memory","CD8","number",8,1220.22139883303,0.0915085443135731
"SOL",60,129.508354926301,"Number of CD127+ KLRG1- memory","CD8","number",8,1220.22139883303,0.106135128469438
"TM",8,1413.58656109657,"Number of CD127+ KLRG1- memory","CD8","number",8,1413.58656109657,1
"TM",14,1143.52550314479,"Number of CD127+ KLRG1- memory","CD8","number",8,1413.58656109657,0.808953292720692
"TM",28,201.066267489486,"Number of CD127+ KLRG1- memory","CD8","number",8,1413.58656109657,0.142238383572005
"TM",60,143.218944212224,"Number of CD127+ KLRG1- memory","CD8","number",8,1413.58656109657,0.101316005792475
"TMd21",8,896.205947168103,"Number of CD127+ KLRG1- memory","CD8","number",8,896.205947168103,1
"TMd21",14,524.996640987504,"Number of CD127+ KLRG1- memory","CD8","number",8,896.205947168103,0.58579910415282
"TMd21",28,109.785730530281,"Number of CD127+ KLRG1- memory","CD8","number",8,896.205947168103,0.122500560141551
"TMd21",60,80.7101293124197,"Number of CD127+ KLRG1- memory","CD8","number",8,896.205947168103,0.090057569431952
"IC",14,304.135646237261,"Number of CD62L+ CX3CR1- TCM","CD8","number",14,304.135646237261,1
"SOL",14,289.977800608246,"Number of CD62L+ CX3CR1- TCM","CD8","number",14,289.977800608246,1
"TM",14,320.668089112306,"Number of CD62L+ CX3CR1- TCM","CD8","number",14,320.668089112306,1
"TMd21",14,160.725531471071,"Number of CD62L+ CX3CR1- TCM","CD8","number",14,160.725531471071,1
"IC",14,1777939.83400143,"Number of CD8","CD8","number",14,1777939.83400143,1
"SOL",14,1853235.77332415,"Number of CD8","CD8","number",14,1853235.77332415,1
"TM",14,1889121.06848576,"Number of CD8","CD8","number",14,1889121.06848576,1
"TMd21",14,1911652.64264973,"Number of CD8","CD8","number",14,1911652.64264973,1
"IC",8,1129515.05263712,"Number of CD8 T cells","CD8","number",8,1129515.05263712,1
"IC",14,866612.355655727,"Number of CD8 T cells","CD8","number",8,1129515.05263712,0.767242856686515
"IC",28,947486.750345781,"Number of CD8 T cells","CD8","number",8,1129515.05263712,0.83884384553676
"IC",60,436445.342719604,"Number of CD8 T cells","CD8","number",8,1129515.05263712,0.386400643090694
"SOL",8,1332546.05579852,"Number of CD8 T cells","CD8","number",8,1332546.05579852,1
"SOL",14,829547.745726496,"Number of CD8 T cells","CD8","number",8,1332546.05579852,0.622528386254831
"SOL",28,882454.02600912,"Number of CD8 T cells","CD8","number",8,1332546.05579852,0.662231539517268
"SOL",60,376237.108716384,"Number of CD8 T cells","CD8","number",8,1332546.05579852,0.282344544174816
"TM",8,1372793.79509254,"Number of CD8 T cells","CD8","number",8,1372793.79509254,1
"TM",14,1070809.93472585,"Number of CD8 T cells","CD8","number",8,1372793.79509254,0.78002241746268
"TM",28,610325.40562666,"Number of CD8 T cells","CD8","number",8,1372793.79509254,0.444586366727799
"TM",60,527588.718766158,"Number of CD8 T cells","CD8","number",8,1372793.79509254,0.384317528715661
"TMd21",8,1116354.7267745,"Number of CD8 T cells","CD8","number",8,1116354.7267745,1
"TMd21",14,1177494.34926151,"Number of CD8 T cells","CD8","number",8,1116354.7267745,1.05476719990577
"TMd21",28,681683.455598456,"Number of CD8 T cells","CD8","number",8,1116354.7267745,0.610633375977237
"TMd21",60,379983.313343894,"Number of CD8 T cells","CD8","number",8,1116354.7267745,0.340378648677188
"IC",8,99.7245736120794,"Number of CXCR5+ PD-1+ CD127+ KLRG1- TFH like","CD8","number",8,99.7245736120794,1
"IC",14,41.1530591981565,"Number of CXCR5+ PD-1+ CD127+ KLRG1- TFH like","CD8","number",8,99.7245736120794,0.412667186306944
"IC",28,81.7014409631304,"Number of CXCR5+ PD-1+ CD127+ KLRG1- TFH like","CD8","number",8,99.7245736120794,0.8192708978726
"IC",60,12.2535762800886,"Number of CXCR5+ PD-1+ CD127+ KLRG1- TFH like","CD8","number",8,99.7245736120794,0.122874190746145
"SOL",8,189.54330093224,"Number of CXCR5+ PD-1+ CD127+ KLRG1- TFH like","CD8","number",8,189.54330093224,1
"SOL",14,46.0280796518169,"Number of CXCR5+ PD-1+ CD127+ KLRG1- TFH like","CD8","number",8,189.54330093224,0.242836752475211
"SOL",28,38.595656149229,"Number of CXCR5+ PD-1+ CD127+ KLRG1- TFH like","CD8","number",8,189.54330093224,0.20362448031348
"SOL",60,5.59042033542876,"Number of CXCR5+ PD-1+ CD127+ KLRG1- TFH like","CD8","number",8,189.54330093224,0.0294941594239053
"TM",8,143.047119860609,"Number of CXCR5+ PD-1+ CD127+ KLRG1- TFH like","CD8","number",8,143.047119860609,1
"TM",14,49.57601075,"Number of CXCR5+ PD-1+ CD127+ KLRG1- TFH like","CD8","number",8,143.047119860609,0.346571191355051
"TM",28,50.7158216839831,"Number of CXCR5+ PD-1+ CD127+ KLRG1- TFH like","CD8","number",8,143.047119860609,0.354539271628836
"TM",60,4.61643030507321,"Number of CXCR5+ PD-1+ CD127+ KLRG1- TFH like","CD8","number",8,143.047119860609,0.0322720954435968
"TMd21",8,66.3772454469768,"Number of CXCR5+ PD-1+ CD127+ KLRG1- TFH like","CD8","number",8,66.3772454469768,1
"TMd21",14,24.184462285665,"Number of CXCR5+ PD-1+ CD127+ KLRG1- TFH like","CD8","number",8,66.3772454469768,0.364348687909683
"TMd21",28,31.7172155293102,"Number of CXCR5+ PD-1+ CD127+ KLRG1- TFH like","CD8","number",8,66.3772454469768,0.477832656593838
"TMd21",60,4.51771629987097,"Number of CXCR5+ PD-1+ CD127+ KLRG1- TFH like","CD8","number",8,66.3772454469768,0.0680612199172952
"IC",28,16.5296415804327,"Number of CXCR5+ PD-1+ TFH like","CD8","number",28,16.5296415804327,1
"SOL",28,9.15864224186291,"Number of CXCR5+ PD-1+ TFH like","CD8","number",28,9.15864224186291,1
"TM",28,6.04164305758167,"Number of CXCR5+ PD-1+ TFH like","CD8","number",28,6.04164305758167,1
"TMd21",28,5.96345272625825,"Number of CXCR5+ PD-1+ TFH like","CD8","number",28,5.96345272625825,1
"IC",8,42.7837398676574,"Number of KLRG1+ CD127- effector","CD8","number",8,42.7837398676574,1
"IC",14,9.59618241858007,"Number of KLRG1+ CD127- effector","CD8","number",8,42.7837398676574,0.224295081455335
"IC",28,6.15097617931034,"Number of KLRG1+ CD127- effector","CD8","number",8,42.7837398676574,0.143769015947112
"IC",60,2.88971413766498,"Number of KLRG1+ CD127- effector","CD8","number",8,42.7837398676574,0.0675423454472122
"SOL",8,46.36974401692,"Number of KLRG1+ CD127- effector","CD8","number",8,46.36974401692,1
"SOL",14,13.8332317901772,"Number of KLRG1+ CD127- effector","CD8","number",8,46.36974401692,0.29832452353262
"SOL",28,3.13560914467996,"Number of KLRG1+ CD127- effector","CD8","number",8,46.36974401692,0.0676218773934961
"SOL",60,0.460746722395437,"Number of KLRG1+ CD127- effector","CD8","number",8,46.36974401692,0.00993636545043928
"TM",8,183.757758139613,"Number of KLRG1+ CD127- effector","CD8","number",8,183.757758139613,1
"TM",14,45.373129883493,"Number of KLRG1+ CD127- effector","CD8","number",8,183.757758139613,0.246918172831756
"TM",28,16.6619465996254,"Number of KLRG1+ CD127- effector","CD8","number",8,183.757758139613,0.0906734320679196
"TM",60,7.774187078327,"Number of KLRG1+ CD127- effector","CD8","number",8,183.757758139613,0.0423067148676272
"TMd21",8,36.4037304446923,"Number of KLRG1+ CD127- effector","CD8","number",8,36.4037304446923,1
"TMd21",14,23.9928727869505,"Number of KLRG1+ CD127- effector","CD8","number",8,36.4037304446923,0.659077311414624
"TMd21",28,3.14992965923474,"Number of KLRG1+ CD127- effector","CD8","number",8,36.4037304446923,0.0865276613346093
"TMd21",60,0.472107088073395,"Number of KLRG1+ CD127- effector","CD8","number",8,36.4037304446923,0.0129686458587166
"IC",8,3.8795e-05,"Number of Tscm","CD8","number",8,3.8795e-05,1
"SOL",8,0.0001525,"Number of Tscm","CD8","number",8,0.0001525,1
"TM",8,0.00010158,"Number of Tscm","CD8","number",8,0.00010158,1
"TMd21",8,4.24525e-05,"Number of Tscm","CD8","number",8,4.24525e-05,1
"IC",8,1028,"Number of bead events","CD8","number",8,1028,1
"IC",14,1055.5,"Number of bead events","CD8","number",8,1028,1.02675097276265
"IC",28,967,"Number of bead events","CD8","number",8,1028,0.940661478599222
"IC",60,982.5,"Number of bead events","CD8","number",8,1028,0.955739299610895
"SOL",8,1052.5,"Number of bead events","CD8","number",8,1052.5,1
"SOL",14,1035.5,"Number of bead events","CD8","number",8,1052.5,0.983847980997625
"SOL",28,965,"Number of bead events","CD8","number",8,1052.5,0.916864608076009
"SOL",60,974.5,"Number of bead events","CD8","number",8,1052.5,0.925890736342043
"TM",8,1052,"Number of bead events","CD8","number",8,1052,1
"TM",14,1031,"Number of bead events","CD8","number",8,1052,0.980038022813688
"TM",28,969.5,"Number of bead events","CD8","number",8,1052,0.921577946768061
"TM",60,976.5,"Number of bead events","CD8","number",8,1052,0.928231939163498
"TMd21",8,1035.5,"Number of bead events","CD8","number",8,1035.5,1
"TMd21",14,1060,"Number of bead events","CD8","number",8,1035.5,1.02366006760019
"TMd21",28,970,"Number of bead events","CD8","number",8,1035.5,0.936745533558667
"TMd21",60,980,"Number of bead events","CD8","number",8,1035.5,0.946402704007726
"IC",8,84797.5,"Number of cell events","CD8","number",8,84797.5,1
"IC",14,114264,"Number of cell events","CD8","number",8,84797.5,1.34749255579469
"IC",28,56316,"Number of cell events","CD8","number",8,84797.5,0.664123352693181
"IC",60,57294.5,"Number of cell events","CD8","number",8,84797.5,0.67566260797783
"SOL",8,145383,"Number of cell events","CD8","number",8,145383,1
"SOL",14,108788,"Number of cell events","CD8","number",8,145383,0.748285562961282
"SOL",28,46018,"Number of cell events","CD8","number",8,145383,0.316529442919736
"SOL",60,51635.5,"Number of cell events","CD8","number",8,145383,0.355168761134383
"TM",8,132131,"Number of cell events","CD8","number",8,132131,1
"TM",14,133608,"Number of cell events","CD8","number",8,132131,1.01117830032316
"TM",28,49780,"Number of cell events","CD8","number",8,132131,0.376747318948619
"TM",60,38766,"Number of cell events","CD8","number",8,132131,0.293390650188071
"TMd21",8,118898,"Number of cell events","CD8","number",8,118898,1
"TMd21",14,131609.5,"Number of cell events","CD8","number",8,118898,1.10691096570169
"TMd21",28,42556,"Number of cell events","CD8","number",8,118898,0.35792023415028
"TMd21",60,38325,"Number of cell events","CD8","number",8,118898,0.322335110767212
"IC",8,3718.28376648047,"Number of tetramer+ cells","CD8","number",8,3718.28376648047,1
"IC",14,1203.64316269614,"Number of tetramer+ cells","CD8","number",8,3718.28376648047,0.323709334275863
"IC",28,348.598263699363,"Number of tetramer+ cells","CD8","number",8,3718.28376648047,0.0937524636613
"IC",60,248.175943490074,"Number of tetramer+ cells","CD8","number",8,3718.28376648047,0.0667447562037427
"SOL",8,2221.00247962422,"Number of tetramer+ cells","CD8","number",8,2221.00247962422,1
"SOL",14,646.462149836786,"Number of tetramer+ cells","CD8","number",8,2221.00247962422,0.29106772989563
"SOL",28,133.040242846691,"Number of tetramer+ cells","CD8","number",8,2221.00247962422,0.0599009879850296
"SOL",60,150.746934343346,"Number of tetramer+ cells","CD8","number",8,2221.00247962422,0.0678733750755883
"TM",8,3939.87442044591,"Number of tetramer+ cells","CD8","number",8,3939.87442044591,1
"TM",14,1532.87600957746,"Number of tetramer+ cells","CD8","number",8,3939.87442044591,0.389067225499023
"TM",28,230.551410246961,"Number of tetramer+ cells","CD8","number",8,3939.87442044591,0.0585174514828488
"TM",60,159.516039048113,"Number of tetramer+ cells","CD8","number",8,3939.87442044591,0.0404875947873636
"TMd21",8,2267.57120774767,"Number of tetramer+ cells","CD8","number",8,2267.57120774767,1
"TMd21",14,913.405905252007,"Number of tetramer+ cells","CD8","number",8,2267.57120774767,0.402812446255777
"TMd21",28,154.364859847407,"Number of tetramer+ cells","CD8","number",8,2267.57120774767,0.0680749778970485
"TMd21",60,88.5389590670784,"Number of tetramer+ cells","CD8","number",8,2267.57120774767,0.0390457237967058
"IC",8,11.95,"PD-1+ CXCR5+ TFH like (% memory)","CD8","percentage",8,11.95,1
"IC",60,4.44,"PD-1+ CXCR5+ TFH like (% memory)","CD8","percentage",8,11.95,0.371548117154812
"SOL",8,20.6,"PD-1+ CXCR5+ TFH like (% memory)","CD8","percentage",8,20.6,1
"SOL",60,5.895,"PD-1+ CXCR5+ TFH like (% memory)","CD8","percentage",8,20.6,0.286165048543689
"TM",8,13.8,"PD-1+ CXCR5+ TFH like (% memory)","CD8","percentage",8,13.8,1
"TM",60,1.52,"PD-1+ CXCR5+ TFH like (% memory)","CD8","percentage",8,13.8,0.110144927536232
"TMd21",8,10.7,"PD-1+ CXCR5+ TFH like (% memory)","CD8","percentage",8,10.7,1
"TMd21",60,1.97,"PD-1+ CXCR5+ TFH like (% memory)","CD8","percentage",8,10.7,0.18411214953271
"IC",8,1.16,"PD-1+ CXCR5+ TFH like (% tetramer)","CD8","percentage",8,1.16,1
"IC",14,4.065,"PD-1+ CXCR5+ TFH like (% tetramer)","CD8","percentage",8,1.16,3.50431034482759
"IC",28,12.25,"PD-1+ CXCR5+ TFH like (% tetramer)","CD8","percentage",8,1.16,10.5603448275862
"IC",60,6.78,"PD-1+ CXCR5+ TFH like (% tetramer)","CD8","percentage",8,1.16,5.8448275862069
"SOL",8,3.715,"PD-1+ CXCR5+ TFH like (% tetramer)","CD8","percentage",8,3.715,1
"SOL",14,9.96,"PD-1+ CXCR5+ TFH like (% tetramer)","CD8","percentage",8,3.715,2.68102288021534
"SOL",28,16.3,"PD-1+ CXCR5+ TFH like (% tetramer)","CD8","percentage",8,3.715,4.38761776581427
"SOL",60,6.3,"PD-1+ CXCR5+ TFH like (% tetramer)","CD8","percentage",8,3.715,1.69582772543742
"TM",8,1.88,"PD-1+ CXCR5+ TFH like (% tetramer)","CD8","percentage",8,1.88,1
"TM",14,7.55,"PD-1+ CXCR5+ TFH like (% tetramer)","CD8","percentage",8,1.88,4.01595744680851
"TM",28,9.87,"PD-1+ CXCR5+ TFH like (% tetramer)","CD8","percentage",8,1.88,5.25
"TM",60,4.125,"PD-1+ CXCR5+ TFH like (% tetramer)","CD8","percentage",8,1.88,2.19414893617021
"TMd21",8,1.74,"PD-1+ CXCR5+ TFH like (% tetramer)","CD8","percentage",8,1.74,1
"TMd21",14,6.215,"PD-1+ CXCR5+ TFH like (% tetramer)","CD8","percentage",8,1.74,3.57183908045977
"TMd21",28,6.535,"PD-1+ CXCR5+ TFH like (% tetramer)","CD8","percentage",8,1.74,3.75574712643678
"TMd21",60,4.95,"PD-1+ CXCR5+ TFH like (% tetramer)","CD8","percentage",8,1.74,2.8448275862069
"IC",8,75,"TCF1+ SLAMF6+ Tsl (% memory)","CD8","percentage",8,75,1
"IC",28,100,"TCF1+ SLAMF6+ Tsl (% memory)","CD8","percentage",8,75,1.33333333333333
"SOL",8,89.55,"TCF1+ SLAMF6+ Tsl (% memory)","CD8","percentage",8,89.55,1
"SOL",28,100,"TCF1+ SLAMF6+ Tsl (% memory)","CD8","percentage",8,89.55,1.11669458403127
"TM",8,83.25,"TCF1+ SLAMF6+ Tsl (% memory)","CD8","percentage",8,83.25,1
"TM",28,100,"TCF1+ SLAMF6+ Tsl (% memory)","CD8","percentage",8,83.25,1.2012012012012
"TMd21",8,86.15,"TCF1+ SLAMF6+ Tsl (% memory)","CD8","percentage",8,86.15,1
"TMd21",28,80.95,"TCF1+ SLAMF6+ Tsl (% memory)","CD8","percentage",8,86.15,0.939640162507255
"IC",8,0.355,"Tetramer+ (% of CD8)","CD8","percentage",8,0.355,1
"IC",14,0.0745,"Tetramer+ (% of CD8)","CD8","percentage",8,0.355,0.209859154929577
"IC",28,0.034,"Tetramer+ (% of CD8)","CD8","percentage",8,0.355,0.095774647887324
"IC",60,0.04,"Tetramer+ (% of CD8)","CD8","percentage",8,0.355,0.112676056338028
"SOL",8,0.215,"Tetramer+ (% of CD8)","CD8","percentage",8,0.215,1
"SOL",14,0.0585,"Tetramer+ (% of CD8)","CD8","percentage",8,0.215,0.272093023255814
"SOL",28,0.0145,"Tetramer+ (% of CD8)","CD8","percentage",8,0.215,0.0674418604651163
"SOL",60,0.0235,"Tetramer+ (% of CD8)","CD8","percentage",8,0.215,0.109302325581395
"TM",8,0.255,"Tetramer+ (% of CD8)","CD8","percentage",8,0.255,1
"TM",14,0.065,"Tetramer+ (% of CD8)","CD8","percentage",8,0.255,0.254901960784314
"TM",28,0.0395,"Tetramer+ (% of CD8)","CD8","percentage",8,0.255,0.154901960784314
"TM",60,0.071,"Tetramer+ (% of CD8)","CD8","percentage",8,0.255,0.27843137254902
"TMd21",8,0.205,"Tetramer+ (% of CD8)","CD8","percentage",8,0.205,1
"TMd21",14,0.053,"Tetramer+ (% of CD8)","CD8","percentage",8,0.205,0.258536585365854
"TMd21",28,0.023,"Tetramer+ (% of CD8)","CD8","percentage",8,0.205,0.11219512195122
"TMd21",60,0.026,"Tetramer+ (% of CD8)","CD8","percentage",8,0.205,0.126829268292683
"IC",8,100,"Total sample vol (µL)","CD8","number",8,100,1
"IC",14,105,"Total sample vol (µL)","CD8","number",8,100,1.05
"IC",28,100,"Total sample vol (µL)","CD8","number",8,100,1
"IC",60,100,"Total sample vol (µL)","CD8","number",8,100,1
"SOL",8,100,"Total sample vol (µL)","CD8","number",8,100,1
"SOL",14,105,"Total sample vol (µL)","CD8","number",8,100,1.05
"SOL",28,100,"Total sample vol (µL)","CD8","number",8,100,1
"SOL",60,100,"Total sample vol (µL)","CD8","number",8,100,1
"TM",8,100,"Total sample vol (µL)","CD8","number",8,100,1
"TM",14,100,"Total sample vol (µL)","CD8","number",8,100,1
"TM",28,100,"Total sample vol (µL)","CD8","number",8,100,1
"TM",60,100,"Total sample vol (µL)","CD8","number",8,100,1
"TMd21",8,100,"Total sample vol (µL)","CD8","number",8,100,1
"TMd21",14,105,"Total sample vol (µL)","CD8","number",8,100,1.05
"TMd21",28,100,"Total sample vol (µL)","CD8","number",8,100,1
"TMd21",60,100,"Total sample vol (µL)","CD8","number",8,100,1
