"Vaccine","Day","Value","Measurement_type","Cell_Type","Unit","baseline_Day","baseline_Value","normalised"
"IC",8,31631.6666666667,"A: Number of cell events","CD4","number",8,31631.6666666667,1
"IC",14,84629.9166666667,"A: Number of cell events","CD4","number",8,31631.6666666667,2.67548079456241
"IC",28,126107,"A: Number of cell events","CD4","number",8,31631.6666666667,3.98673270456821
"IC",60,31806.0833333333,"A: Number of cell events","CD4","number",8,31631.6666666667,1.0055139891459
"SOL",8,41385.3333333333,"A: Number of cell events","CD4","number",8,41385.3333333333,1
"SOL",14,74102.3333333333,"A: Number of cell events","CD4","number",8,41385.3333333333,1.79054576500532
"SOL",28,113389.333333333,"A: Number of cell events","CD4","number",8,41385.3333333333,2.73984342279068
"SOL",60,31496.3333333333,"A: Number of cell events","CD4","number",8,41385.3333333333,0.761050613743999
"TM",8,78924.8333333333,"A: Number of cell events","CD4","number",8,78924.8333333333,1
"TM",14,99548.1666666667,"A: Number of cell events","CD4","number",8,78924.8333333333,1.26130347651457
"TM",28,92056.3333333333,"A: Number of cell events","CD4","number",8,78924.8333333333,1.1663798255302
"TM",60,30384.8333333333,"A: Number of cell events","CD4","number",8,78924.8333333333,0.384984447227214
"TMd21",8,54176.6666666667,"A: Number of cell events","CD4","number",8,54176.6666666667,1
"TMd21",14,92234.4166666667,"A: Number of cell events","CD4","number",8,54176.6666666667,1.70247492770565
"TMd21",28,99647.3333333333,"A: Number of cell events","CD4","number",8,54176.6666666667,1.83930351319756
"TMd21",60,35274.3333333333,"A: Number of cell events","CD4","number",8,54176.6666666667,0.651098258782994
"IC",8,964,"B: Number of bead events","CD4","number",8,964,1
"IC",14,974.583333333333,"B: Number of bead events","CD4","number",8,964,1.0109785615491
"IC",28,993,"B: Number of bead events","CD4","number",8,964,1.03008298755187
"IC",60,965.5,"B: Number of bead events","CD4","number",8,964,1.00155601659751
"SOL",8,967.166666666667,"B: Number of bead events","CD4","number",8,967.166666666667,1
"SOL",14,978.833333333333,"B: Number of bead events","CD4","number",8,967.166666666667,1.01206272617612
"SOL",28,1004.33333333333,"B: Number of bead events","CD4","number",8,967.166666666667,1.03842839910391
"SOL",60,968.333333333333,"B: Number of bead events","CD4","number",8,967.166666666667,1.00120627261761
"TM",8,975.333333333333,"B: Number of bead events","CD4","number",8,975.333333333333,1
"TM",14,1045.83333333333,"B: Number of bead events","CD4","number",8,975.333333333333,1.07228298017772
"TM",28,962.666666666667,"B: Number of bead events","CD4","number",8,975.333333333333,0.987012987012987
"TM",60,974.833333333333,"B: Number of bead events","CD4","number",8,975.333333333333,0.999487354750513
"TMd21",8,965.5,"B: Number of bead events","CD4","number",8,965.5,1
"TMd21",14,1047,"B: Number of bead events","CD4","number",8,965.5,1.08441222164682
"TMd21",28,998.333333333333,"B: Number of bead events","CD4","number",8,965.5,1.03400655964095
"TMd21",60,964.75,"B: Number of bead events","CD4","number",8,965.5,0.999223200414293
"IC",8,32.2833333333333,"CD4 T cells (% live lymphocytes)","CD4","percentage",8,32.2833333333333,1
"IC",14,33.3166666666667,"CD4 T cells (% live lymphocytes)","CD4","percentage",8,32.2833333333333,1.03200826019618
"IC",28,35.5333333333333,"CD4 T cells (% live lymphocytes)","CD4","percentage",8,32.2833333333333,1.1006711409396
"IC",60,31.3916666666667,"CD4 T cells (% live lymphocytes)","CD4","percentage",8,32.2833333333333,0.972379969024264
"SOL",8,29.3333333333333,"CD4 T cells (% live lymphocytes)","CD4","percentage",8,29.3333333333333,1
"SOL",14,34.0166666666667,"CD4 T cells (% live lymphocytes)","CD4","percentage",8,29.3333333333333,1.15965909090909
"SOL",28,34.95,"CD4 T cells (% live lymphocytes)","CD4","percentage",8,29.3333333333333,1.19147727272727
"SOL",60,34.0916666666667,"CD4 T cells (% live lymphocytes)","CD4","percentage",8,29.3333333333333,1.16221590909091
"TM",8,26.7333333333333,"CD4 T cells (% live lymphocytes)","CD4","percentage",8,26.7333333333333,1
"TM",14,34.4083333333333,"CD4 T cells (% live lymphocytes)","CD4","percentage",8,26.7333333333333,1.28709476309227
"TM",28,37.75,"CD4 T cells (% live lymphocytes)","CD4","percentage",8,26.7333333333333,1.41209476309227
"TM",60,32.0166666666667,"CD4 T cells (% live lymphocytes)","CD4","percentage",8,26.7333333333333,1.19763092269327
"TMd21",8,27.6333333333333,"CD4 T cells (% live lymphocytes)","CD4","percentage",8,27.6333333333333,1
"TMd21",14,33.7583333333333,"CD4 T cells (% live lymphocytes)","CD4","percentage",8,27.6333333333333,1.22165259348613
"TMd21",28,34.6333333333333,"CD4 T cells (% live lymphocytes)","CD4","percentage",8,27.6333333333333,1.25331724969843
"TMd21",60,33.2666666666667,"CD4 T cells (% live lymphocytes)","CD4","percentage",8,27.6333333333333,1.20386007237636
"IC",8,20.35,"CD44+ CD62L+ TCM (% tetramer)","CD4","percentage",8,20.35,1
"IC",14,33.0833333333333,"CD44+ CD62L+ TCM (% tetramer)","CD4","percentage",8,20.35,1.62571662571663
"IC",28,42.6333333333333,"CD44+ CD62L+ TCM (% tetramer)","CD4","percentage",8,20.35,2.09500409500409
"IC",60,46.6666666666667,"CD44+ CD62L+ TCM (% tetramer)","CD4","percentage",8,20.35,2.29320229320229
"SOL",8,12.7,"CD44+ CD62L+ TCM (% tetramer)","CD4","percentage",8,12.7,1
"SOL",14,31.7166666666667,"CD44+ CD62L+ TCM (% tetramer)","CD4","percentage",8,12.7,2.49737532808399
"SOL",28,39.7666666666667,"CD44+ CD62L+ TCM (% tetramer)","CD4","percentage",8,12.7,3.13123359580052
"SOL",60,41.3583333333333,"CD44+ CD62L+ TCM (% tetramer)","CD4","percentage",8,12.7,3.25656167979003
"TM",8,10.52,"CD44+ CD62L+ TCM (% tetramer)","CD4","percentage",8,10.52,1
"TM",14,16.045,"CD44+ CD62L+ TCM (% tetramer)","CD4","percentage",8,10.52,1.52519011406844
"TM",28,29.1833333333333,"CD44+ CD62L+ TCM (% tetramer)","CD4","percentage",8,10.52,2.77408111533587
"TM",60,33.9916666666667,"CD44+ CD62L+ TCM (% tetramer)","CD4","percentage",8,10.52,3.23114702154626
"TMd21",8,14.54,"CD44+ CD62L+ TCM (% tetramer)","CD4","percentage",8,14.54,1
"TMd21",14,18.7958333333333,"CD44+ CD62L+ TCM (% tetramer)","CD4","percentage",8,14.54,1.29269830353049
"TMd21",28,27.0166666666667,"CD44+ CD62L+ TCM (% tetramer)","CD4","percentage",8,14.54,1.85809261806511
"TMd21",60,32.1166666666667,"CD44+ CD62L+ TCM (% tetramer)","CD4","percentage",8,14.54,2.20884915176525
"IC",8,79.1666666666667,"CD44+ CD62L- TEM (% tetramer)","CD4","percentage",8,79.1666666666667,1
"IC",14,67.0583333333333,"CD44+ CD62L- TEM (% tetramer)","CD4","percentage",8,79.1666666666667,0.847052631578947
"IC",28,57.3666666666667,"CD44+ CD62L- TEM (% tetramer)","CD4","percentage",8,79.1666666666667,0.724631578947368
"IC",60,52.6583333333333,"CD44+ CD62L- TEM (% tetramer)","CD4","percentage",8,79.1666666666667,0.665157894736842
"SOL",8,86.6166666666667,"CD44+ CD62L- TEM (% tetramer)","CD4","percentage",8,86.6166666666667,1
"SOL",14,68.2916666666667,"CD44+ CD62L- TEM (% tetramer)","CD4","percentage",8,86.6166666666667,0.788435635943814
"SOL",28,60.2333333333333,"CD44+ CD62L- TEM (% tetramer)","CD4","percentage",8,86.6166666666667,0.695401192995959
"SOL",60,58.0833333333333,"CD44+ CD62L- TEM (% tetramer)","CD4","percentage",8,86.6166666666667,0.670579180296325
"TM",8,88.8666666666667,"CD44+ CD62L- TEM (% tetramer)","CD4","percentage",8,88.8666666666667,1
"TM",14,84.0083333333333,"CD44+ CD62L- TEM (% tetramer)","CD4","percentage",8,88.8666666666667,0.94533008252063
"TM",28,70.6666666666667,"CD44+ CD62L- TEM (% tetramer)","CD4","percentage",8,88.8666666666667,0.795198799699925
"TM",60,65.0083333333333,"CD44+ CD62L- TEM (% tetramer)","CD4","percentage",8,88.8666666666667,0.731526631657914
"TMd21",8,84.75,"CD44+ CD62L- TEM (% tetramer)","CD4","percentage",8,84.75,1
"TMd21",14,81.2833333333333,"CD44+ CD62L- TEM (% tetramer)","CD4","percentage",8,84.75,0.959095378564405
"TMd21",28,72.8,"CD44+ CD62L- TEM (% tetramer)","CD4","percentage",8,84.75,0.858997050147493
"TMd21",60,67.6833333333333,"CD44+ CD62L- TEM (% tetramer)","CD4","percentage",8,84.75,0.798623402163225
"IC",8,33.2833333333333,"CXCR3+ CCR6- Th1 (% Teff)","CD4","percentage",8,33.2833333333333,1
"IC",14,19.6083333333333,"CXCR3+ CCR6- Th1 (% Teff)","CD4","percentage",8,33.2833333333333,0.589133700550826
"IC",28,22.2166666666667,"CXCR3+ CCR6- Th1 (% Teff)","CD4","percentage",8,33.2833333333333,0.667501251877817
"IC",60,28.3333333333333,"CXCR3+ CCR6- Th1 (% Teff)","CD4","percentage",8,33.2833333333333,0.85127691537306
"SOL",8,71.8666666666667,"CXCR3+ CCR6- Th1 (% Teff)","CD4","percentage",8,71.8666666666667,1
"SOL",14,52.25,"CXCR3+ CCR6- Th1 (% Teff)","CD4","percentage",8,71.8666666666667,0.727040816326531
"SOL",28,14.1833333333333,"CXCR3+ CCR6- Th1 (% Teff)","CD4","percentage",8,71.8666666666667,0.197356215213358
"SOL",60,53.2583333333333,"CXCR3+ CCR6- Th1 (% Teff)","CD4","percentage",8,71.8666666666667,0.741071428571428
"TM",8,80.1,"CXCR3+ CCR6- Th1 (% Teff)","CD4","percentage",8,80.1,1
"TM",14,74.3833333333333,"CXCR3+ CCR6- Th1 (% Teff)","CD4","percentage",8,80.1,0.928630878069081
"TM",28,36.3333333333333,"CXCR3+ CCR6- Th1 (% Teff)","CD4","percentage",8,80.1,0.453599667082813
"TM",60,47.625,"CXCR3+ CCR6- Th1 (% Teff)","CD4","percentage",8,80.1,0.594569288389513
"TMd21",8,67.0666666666667,"CXCR3+ CCR6- Th1 (% Teff)","CD4","percentage",8,67.0666666666667,1
"TMd21",14,56.55,"CXCR3+ CCR6- Th1 (% Teff)","CD4","percentage",8,67.0666666666667,0.843190854870775
"TMd21",28,35.0833333333333,"CXCR3+ CCR6- Th1 (% Teff)","CD4","percentage",8,67.0666666666667,0.523111332007952
"TMd21",60,35.6416666666667,"CXCR3+ CCR6- Th1 (% Teff)","CD4","percentage",8,67.0666666666667,0.531436381709742
"IC",8,2.06166666666667,"CXCR3+ CCR6- Th1 (% tetramer)","CD4","percentage",8,2.06166666666667,1
"IC",14,1.27666666666667,"CXCR3+ CCR6- Th1 (% tetramer)","CD4","percentage",8,2.06166666666667,0.619240097008892
"IC",28,1.3,"CXCR3+ CCR6- Th1 (% tetramer)","CD4","percentage",8,2.06166666666667,0.630557801131771
"IC",60,1.62666666666667,"CXCR3+ CCR6- Th1 (% tetramer)","CD4","percentage",8,2.06166666666667,0.789005658852062
"SOL",8,3.11833333333333,"CXCR3+ CCR6- Th1 (% tetramer)","CD4","percentage",8,3.11833333333333,1
"SOL",14,4.7325,"CXCR3+ CCR6- Th1 (% tetramer)","CD4","percentage",8,3.11833333333333,1.51763762693747
"SOL",28,1.62,"CXCR3+ CCR6- Th1 (% tetramer)","CD4","percentage",8,3.11833333333333,0.519508284339925
"SOL",60,6.10333333333333,"CXCR3+ CCR6- Th1 (% tetramer)","CD4","percentage",8,3.11833333333333,1.95724211651523
"TM",8,2.45166666666667,"CXCR3+ CCR6- Th1 (% tetramer)","CD4","percentage",8,2.45166666666667,1
"TM",14,3.97083333333333,"CXCR3+ CCR6- Th1 (% tetramer)","CD4","percentage",8,2.45166666666667,1.61964649898029
"TM",28,3.53833333333333,"CXCR3+ CCR6- Th1 (% tetramer)","CD4","percentage",8,2.45166666666667,1.44323589394969
"TM",60,4.785,"CXCR3+ CCR6- Th1 (% tetramer)","CD4","percentage",8,2.45166666666667,1.95173351461591
"TMd21",8,2.51,"CXCR3+ CCR6- Th1 (% tetramer)","CD4","percentage",8,2.51,1
"TMd21",14,1.93833333333333,"CXCR3+ CCR6- Th1 (% tetramer)","CD4","percentage",8,2.51,0.772244355909695
"TMd21",28,2.695,"CXCR3+ CCR6- Th1 (% tetramer)","CD4","percentage",8,2.51,1.07370517928287
"TMd21",60,1.6475,"CXCR3+ CCR6- Th1 (% tetramer)","CD4","percentage",8,2.51,0.656374501992032
"IC",8,8.61666666666667,"CXCR3- CCR6+ Th17 (% Teff)","CD4","percentage",8,8.61666666666667,1
"IC",14,2.775,"CXCR3- CCR6+ Th17 (% Teff)","CD4","percentage",8,8.61666666666667,0.322050290135396
"IC",28,0,"CXCR3- CCR6+ Th17 (% Teff)","CD4","percentage",8,8.61666666666667,0
"IC",60,5.83333333333333,"CXCR3- CCR6+ Th17 (% Teff)","CD4","percentage",8,8.61666666666667,0.676982591876209
"SOL",8,0.861666666666667,"CXCR3- CCR6+ Th17 (% Teff)","CD4","percentage",8,0.861666666666667,1
"SOL",14,0.818333333333333,"CXCR3- CCR6+ Th17 (% Teff)","CD4","percentage",8,0.861666666666667,0.949709864603482
"SOL",28,0,"CXCR3- CCR6+ Th17 (% Teff)","CD4","percentage",8,0.861666666666667,0
"SOL",60,2.775,"CXCR3- CCR6+ Th17 (% Teff)","CD4","percentage",8,0.861666666666667,3.22050290135396
"TM",8,0.548333333333333,"CXCR3- CCR6+ Th17 (% Teff)","CD4","percentage",8,0.548333333333333,1
"TM",14,1.26666666666667,"CXCR3- CCR6+ Th17 (% Teff)","CD4","percentage",8,0.548333333333333,2.31003039513678
"TM",28,0.695,"CXCR3- CCR6+ Th17 (% Teff)","CD4","percentage",8,0.548333333333333,1.26747720364742
"TM",60,2.3325,"CXCR3- CCR6+ Th17 (% Teff)","CD4","percentage",8,0.548333333333333,4.25379939209726
"TMd21",8,2.085,"CXCR3- CCR6+ Th17 (% Teff)","CD4","percentage",8,2.085,1
"TMd21",14,0.705,"CXCR3- CCR6+ Th17 (% Teff)","CD4","percentage",8,2.085,0.338129496402878
"TMd21",28,4.60666666666667,"CXCR3- CCR6+ Th17 (% Teff)","CD4","percentage",8,2.085,2.20943245403677
"TMd21",60,10,"CXCR3- CCR6+ Th17 (% Teff)","CD4","percentage",8,2.085,4.79616306954436
"IC",8,0.46,"CXCR3- CCR6+ Th17 (% tetramer)","CD4","percentage",8,0.46,1
"IC",14,0.3475,"CXCR3- CCR6+ Th17 (% tetramer)","CD4","percentage",8,0.46,0.755434782608696
"IC",28,0,"CXCR3- CCR6+ Th17 (% tetramer)","CD4","percentage",8,0.46,0
"IC",60,0.318333333333333,"CXCR3- CCR6+ Th17 (% tetramer)","CD4","percentage",8,0.46,0.692028985507246
"SOL",8,0.0266666666666667,"CXCR3- CCR6+ Th17 (% tetramer)","CD4","percentage",8,0.0266666666666667,1
"SOL",14,0.125833333333333,"CXCR3- CCR6+ Th17 (% tetramer)","CD4","percentage",8,0.0266666666666667,4.71875
"SOL",28,0,"CXCR3- CCR6+ Th17 (% tetramer)","CD4","percentage",8,0.0266666666666667,0
"SOL",60,0.0908333333333333,"CXCR3- CCR6+ Th17 (% tetramer)","CD4","percentage",8,0.0266666666666667,3.40625
"TM",8,0.0176666666666667,"CXCR3- CCR6+ Th17 (% tetramer)","CD4","percentage",8,0.0176666666666667,1
"TM",14,0.0625,"CXCR3- CCR6+ Th17 (% tetramer)","CD4","percentage",8,0.0176666666666667,3.5377358490566
"TM",28,0.0616666666666667,"CXCR3- CCR6+ Th17 (% tetramer)","CD4","percentage",8,0.0176666666666667,3.49056603773585
"TM",60,0.435,"CXCR3- CCR6+ Th17 (% tetramer)","CD4","percentage",8,0.0176666666666667,24.622641509434
"TMd21",8,0.0768333333333333,"CXCR3- CCR6+ Th17 (% tetramer)","CD4","percentage",8,0.0768333333333333,1
"TMd21",14,0.0191666666666667,"CXCR3- CCR6+ Th17 (% tetramer)","CD4","percentage",8,0.0768333333333333,0.249457700650759
"TMd21",28,0.443333333333333,"CXCR3- CCR6+ Th17 (% tetramer)","CD4","percentage",8,0.0768333333333333,5.77006507592191
"TMd21",60,0.240833333333333,"CXCR3- CCR6+ Th17 (% tetramer)","CD4","percentage",8,0.0768333333333333,3.13449023861171
"IC",8,55.0666666666667,"CXCR3- CCR6- Th2 (% Teff)","CD4","percentage",8,55.0666666666667,1
"IC",14,66.425,"CXCR3- CCR6- Th2 (% Teff)","CD4","percentage",8,55.0666666666667,1.20626513317191
"IC",28,72.2333333333333,"CXCR3- CCR6- Th2 (% Teff)","CD4","percentage",8,55.0666666666667,1.31174334140436
"IC",60,49.1666666666667,"CXCR3- CCR6- Th2 (% Teff)","CD4","percentage",8,55.0666666666667,0.892857142857143
"SOL",8,26.6166666666667,"CXCR3- CCR6- Th2 (% Teff)","CD4","percentage",8,26.6166666666667,1
"SOL",14,46.3666666666667,"CXCR3- CCR6- Th2 (% Teff)","CD4","percentage",8,26.6166666666667,1.74201628052599
"SOL",28,85.8166666666667,"CXCR3- CCR6- Th2 (% Teff)","CD4","percentage",8,26.6166666666667,3.22417031934878
"SOL",60,38.2333333333333,"CXCR3- CCR6- Th2 (% Teff)","CD4","percentage",8,26.6166666666667,1.43644333124609
"TM",8,16.6566666666667,"CXCR3- CCR6- Th2 (% Teff)","CD4","percentage",8,16.6566666666667,1
"TM",14,24.1916666666667,"CXCR3- CCR6- Th2 (% Teff)","CD4","percentage",8,16.6566666666667,1.45237142285371
"TM",28,62.2666666666667,"CXCR3- CCR6- Th2 (% Teff)","CD4","percentage",8,16.6566666666667,3.73824294576746
"TM",60,36.5,"CXCR3- CCR6- Th2 (% Teff)","CD4","percentage",8,16.6566666666667,2.19131478887332
"TMd21",8,26.75,"CXCR3- CCR6- Th2 (% Teff)","CD4","percentage",8,26.75,1
"TMd21",14,42.0583333333333,"CXCR3- CCR6- Th2 (% Teff)","CD4","percentage",8,26.75,1.57227414330218
"TMd21",28,55.8833333333333,"CXCR3- CCR6- Th2 (% Teff)","CD4","percentage",8,26.75,2.08909657320872
"TMd21",60,53.4333333333333,"CXCR3- CCR6- Th2 (% Teff)","CD4","percentage",8,26.75,1.99750778816199
"IC",8,3.64,"CXCR3- CCR6- Th2 (% tetramer)","CD4","percentage",8,3.64,1
"IC",14,3.78333333333333,"CXCR3- CCR6- Th2 (% tetramer)","CD4","percentage",8,3.64,1.03937728937729
"IC",28,10.6633333333333,"CXCR3- CCR6- Th2 (% tetramer)","CD4","percentage",8,3.64,2.92948717948718
"IC",60,4.03333333333333,"CXCR3- CCR6- Th2 (% tetramer)","CD4","percentage",8,3.64,1.10805860805861
"SOL",8,1.065,"CXCR3- CCR6- Th2 (% tetramer)","CD4","percentage",8,1.065,1
"SOL",14,3.035,"CXCR3- CCR6- Th2 (% tetramer)","CD4","percentage",8,1.065,2.84976525821596
"SOL",28,9.68333333333333,"CXCR3- CCR6- Th2 (% tetramer)","CD4","percentage",8,1.065,9.09233176838811
"SOL",60,5.39916666666667,"CXCR3- CCR6- Th2 (% tetramer)","CD4","percentage",8,1.065,5.06964006259781
"TM",8,0.463333333333333,"CXCR3- CCR6- Th2 (% tetramer)","CD4","percentage",8,0.463333333333333,1
"TM",14,1.2975,"CXCR3- CCR6- Th2 (% tetramer)","CD4","percentage",8,0.463333333333333,2.80035971223022
"TM",28,5.87,"CXCR3- CCR6- Th2 (% tetramer)","CD4","percentage",8,0.463333333333333,12.6690647482014
"TM",60,2.62333333333333,"CXCR3- CCR6- Th2 (% tetramer)","CD4","percentage",8,0.463333333333333,5.66187050359712
"TMd21",8,0.978333333333333,"CXCR3- CCR6- Th2 (% tetramer)","CD4","percentage",8,0.978333333333333,1
"TMd21",14,1.56,"CXCR3- CCR6- Th2 (% tetramer)","CD4","percentage",8,0.978333333333333,1.59454855195911
"TMd21",28,4.80333333333333,"CXCR3- CCR6- Th2 (% tetramer)","CD4","percentage",8,0.978333333333333,4.90971039182283
"TMd21",60,3.75,"CXCR3- CCR6- Th2 (% tetramer)","CD4","percentage",8,0.978333333333333,3.83304940374787
"IC",8,19670.8268543447,"Cells/µL","CD4","number",8,19670.8268543447,1
"IC",14,29936.3533581464,"Cells/µL","CD4","number",8,19670.8268543447,1.52186553111438
"IC",28,76410.7041570962,"Cells/µL","CD4","number",8,19670.8268543447,3.88446834100515
"IC",60,19751.7686313008,"Cells/µL","CD4","number",8,19670.8268543447,1.00411481314718
"SOL",8,25657.5770638275,"Cells/µL","CD4","number",8,25657.5770638275,1
"SOL",14,26279.8879912768,"Cells/µL","CD4","number",8,25657.5770638275,1.02425446977714
"SOL",28,67524.2523033599,"Cells/µL","CD4","number",8,25657.5770638275,2.63174703267507
"SOL",60,19514.2383887202,"Cells/µL","CD4","number",8,25657.5770638275,0.760564348698057
"TM",8,48470.6907577419,"Cells/µL","CD4","number",8,48470.6907577419,1
"TM",14,32829.3547616437,"Cells/µL","CD4","number",8,48470.6907577419,0.677303216612404
"TM",28,57287.7528051856,"Cells/µL","CD4","number",8,48470.6907577419,1.18190502156265
"TM",60,18691.7640925745,"Cells/µL","CD4","number",8,48470.6907577419,0.385630239643098
"TMd21",8,33556.4565734174,"Cells/µL","CD4","number",8,33556.4565734174,1
"TMd21",14,29815.5436514795,"Cells/µL","CD4","number",8,33556.4565734174,0.888518833514102
"TMd21",28,59696.0806685673,"Cells/µL","CD4","number",8,33556.4565734174,1.77897450340025
"TMd21",60,21934.7883456631,"Cells/µL","CD4","number",8,33556.4565734174,0.653668193412271
"IC",8,6.385,"Ly6C+ FOXP3- Teff (% tetramer)","CD4","percentage",8,6.385,1
"IC",14,5.57583333333333,"Ly6C+ FOXP3- Teff (% tetramer)","CD4","percentage",8,6.385,0.873270686504829
"IC",28,12.295,"Ly6C+ FOXP3- Teff (% tetramer)","CD4","percentage",8,6.385,1.92560689115114
"IC",60,7.17,"Ly6C+ FOXP3- Teff (% tetramer)","CD4","percentage",8,6.385,1.1229444009397
"SOL",8,4.235,"Ly6C+ FOXP3- Teff (% tetramer)","CD4","percentage",8,4.235,1
"SOL",14,7.94916666666667,"Ly6C+ FOXP3- Teff (% tetramer)","CD4","percentage",8,4.235,1.87701692247147
"SOL",28,11.3016666666667,"Ly6C+ FOXP3- Teff (% tetramer)","CD4","percentage",8,4.235,2.66863439590712
"SOL",60,12.3316666666667,"Ly6C+ FOXP3- Teff (% tetramer)","CD4","percentage",8,4.235,2.91184573002755
"TM",8,3.01833333333333,"Ly6C+ FOXP3- Teff (% tetramer)","CD4","percentage",8,3.01833333333333,1
"TM",14,5.355,"Ly6C+ FOXP3- Teff (% tetramer)","CD4","percentage",8,3.01833333333333,1.77415792379901
"TM",28,9.52666666666667,"Ly6C+ FOXP3- Teff (% tetramer)","CD4","percentage",8,3.01833333333333,3.15626725565986
"TM",60,8.75333333333333,"Ly6C+ FOXP3- Teff (% tetramer)","CD4","percentage",8,3.01833333333333,2.90005521811154
"TMd21",8,3.70833333333333,"Ly6C+ FOXP3- Teff (% tetramer)","CD4","percentage",8,3.70833333333333,1
"TMd21",14,3.54583333333333,"Ly6C+ FOXP3- Teff (% tetramer)","CD4","percentage",8,3.70833333333333,0.956179775280899
"TMd21",28,8.13833333333333,"Ly6C+ FOXP3- Teff (% tetramer)","CD4","percentage",8,3.70833333333333,2.19460674157303
"TMd21",60,5.74416666666667,"Ly6C+ FOXP3- Teff (% tetramer)","CD4","percentage",8,3.70833333333333,1.54898876404494
"IC",8,625666.107544794,"Number of CD4 T cells","CD4","number",8,625666.107544794,1
"IC",14,993524.541981354,"Number of CD4 T cells","CD4","number",8,625666.107544794,1.58794687773658
"IC",28,2677784.12116624,"Number of CD4 T cells","CD4","number",8,625666.107544794,4.27989320322026
"IC",60,621509.23932672,"Number of CD4 T cells","CD4","number",8,625666.107544794,0.993356091742949
"SOL",8,759144.070939246,"Number of CD4 T cells","CD4","number",8,759144.070939246,1
"SOL",14,884734.508956416,"Number of CD4 T cells","CD4","number",8,759144.070939246,1.16543689508341
"SOL",28,2374108.89340145,"Number of CD4 T cells","CD4","number",8,759144.070939246,3.12734958262152
"SOL",60,662506.199943888,"Number of CD4 T cells","CD4","number",8,759144.070939246,0.872701540201988
"TM",8,1286728.03407479,"Number of CD4 T cells","CD4","number",8,1286728.03407479,1
"TM",14,1137767.43065452,"Number of CD4 T cells","CD4","number",8,1286728.03407479,0.884233031786408
"TM",28,2164171.70679126,"Number of CD4 T cells","CD4","number",8,1286728.03407479,1.6819185169517
"TM",60,590856.510409651,"Number of CD4 T cells","CD4","number",8,1286728.03407479,0.459193003309747
"TMd21",8,1040136.67944715,"Number of CD4 T cells","CD4","number",8,1040136.67944715,1
"TMd21",14,998706.649427456,"Number of CD4 T cells","CD4","number",8,1040136.67944715,0.960168667408485
"TMd21",28,2043310.41840591,"Number of CD4 T cells","CD4","number",8,1040136.67944715,1.96446338138173
"TMd21",60,731611.158558892,"Number of CD4 T cells","CD4","number",8,1040136.67944715,0.703379827877771
"IC",8,37.4079651451113,"Number of Ly6C+ FOXP3- Teff cells","CD4","number",8,37.4079651451113,1
"IC",14,10.9453137396524,"Number of Ly6C+ FOXP3- Teff cells","CD4","number",8,37.4079651451113,0.292593133499611
"IC",28,22.8632326573803,"Number of Ly6C+ FOXP3- Teff cells","CD4","number",8,37.4079651451113,0.611186215788276
"IC",60,5.40247816208649,"Number of Ly6C+ FOXP3- Teff cells","CD4","number",8,37.4079651451113,0.144420530256844
"SOL",8,134.35538067258,"Number of Ly6C+ FOXP3- Teff cells","CD4","number",8,134.35538067258,1
"SOL",14,41.4718534240104,"Number of Ly6C+ FOXP3- Teff cells","CD4","number",8,134.35538067258,0.308672813968471
"SOL",28,63.1766094319358,"Number of Ly6C+ FOXP3- Teff cells","CD4","number",8,134.35538067258,0.470220166216457
"SOL",60,21.4955862791237,"Number of Ly6C+ FOXP3- Teff cells","CD4","number",8,134.35538067258,0.159990513007498
"TM",8,362.796642269711,"Number of Ly6C+ FOXP3- Teff cells","CD4","number",8,362.796642269711,1
"TM",14,87.1644486342817,"Number of Ly6C+ FOXP3- Teff cells","CD4","number",8,362.796642269711,0.240257043419607
"TM",28,118.892726326092,"Number of Ly6C+ FOXP3- Teff cells","CD4","number",8,362.796642269711,0.327711760456991
"TM",60,108.207406582159,"Number of Ly6C+ FOXP3- Teff cells","CD4","number",8,362.796642269711,0.298259118125233
"TMd21",8,202.831038569534,"Number of Ly6C+ FOXP3- Teff cells","CD4","number",8,202.831038569534,1
"TMd21",14,32.3818625666973,"Number of Ly6C+ FOXP3- Teff cells","CD4","number",8,202.831038569534,0.159649444163331
"TMd21",28,86.1103623484058,"Number of Ly6C+ FOXP3- Teff cells","CD4","number",8,202.831038569534,0.424542333144371
"TMd21",60,11.0949486922958,"Number of Ly6C+ FOXP3- Teff cells","CD4","number",8,202.831038569534,0.0547004480701915
"IC",8,118.572020582991,"Number of TCM cells","CD4","number",8,118.572020582991,1
"IC",14,64.5124668928332,"Number of TCM cells","CD4","number",8,118.572020582991,0.544078329572531
"IC",28,97.805427892748,"Number of TCM cells","CD4","number",8,118.572020582991,0.824860936094889
"IC",60,34.1073578694845,"Number of TCM cells","CD4","number",8,118.572020582991,0.287650979563195
"SOL",8,425.66579966517,"Number of TCM cells","CD4","number",8,425.66579966517,1
"SOL",14,176.260931894247,"Number of TCM cells","CD4","number",8,425.66579966517,0.414082907372156
"SOL",28,224.721268926891,"Number of TCM cells","CD4","number",8,425.66579966517,0.527928880130039
"SOL",60,64.440770726793,"Number of TCM cells","CD4","number",8,425.66579966517,0.15138818006399
"TM",8,1366.93088267773,"Number of TCM cells","CD4","number",8,1366.93088267773,1
"TM",14,205.525779032849,"Number of TCM cells","CD4","number",8,1366.93088267773,0.150355648290159
"TM",28,359.466199084745,"Number of TCM cells","CD4","number",8,1366.93088267773,0.262973207819092
"TM",60,248.455677146868,"Number of TCM cells","CD4","number",8,1366.93088267773,0.181761697168009
"TMd21",8,700.107548451868,"Number of TCM cells","CD4","number",8,700.107548451868,1
"TMd21",14,160.996852623092,"Number of TCM cells","CD4","number",8,700.107548451868,0.229960172517923
"TMd21",28,253.824661465933,"Number of TCM cells","CD4","number",8,700.107548451868,0.362550956674028
"TMd21",60,55.6769086228253,"Number of TCM cells","CD4","number",8,700.107548451868,0.0795262224296002
"IC",8,526.126723987915,"Number of TEM cells","CD4","number",8,526.126723987915,1
"IC",14,144.712162343262,"Number of TEM cells","CD4","number",8,526.126723987915,0.275051913817224
"IC",28,143.25965515713,"Number of TEM cells","CD4","number",8,526.126723987915,0.272291158432812
"IC",60,39.3460838100817,"Number of TEM cells","CD4","number",8,526.126723987915,0.0747844236305804
"SOL",8,2817.58719651811,"Number of TEM cells","CD4","number",8,2817.58719651811,1
"SOL",14,392.180749385542,"Number of TEM cells","CD4","number",8,2817.58719651811,0.139190279495231
"SOL",28,358.219510163064,"Number of TEM cells","CD4","number",8,2817.58719651811,0.127136974005894
"SOL",60,97.3883415673556,"Number of TEM cells","CD4","number",8,2817.58719651811,0.034564446377278
"TM",8,12434.561640908,"Number of TEM cells","CD4","number",8,12434.561640908,1
"TM",14,1175.08941919346,"Number of TEM cells","CD4","number",8,12434.561640908,0.0945018773583115
"TM",28,904.984430873966,"Number of TEM cells","CD4","number",8,12434.561640908,0.0727797615234532
"TM",60,350.554097938655,"Number of TEM cells","CD4","number",8,12434.561640908,0.0281919144447665
"TMd21",8,4630.88380022344,"Number of TEM cells","CD4","number",8,4630.88380022344,1
"TMd21",14,829.982341969211,"Number of TEM cells","CD4","number",8,4630.88380022344,0.179227632947552
"TMd21",28,792.515138920694,"Number of TEM cells","CD4","number",8,4630.88380022344,0.171136908873087
"TMd21",60,137.4288896102,"Number of TEM cells","CD4","number",8,4630.88380022344,0.0296766007394894
"IC",8,30.0299226688384,"Number of TFH cells","CD4","number",8,30.0299226688384,1
"IC",14,86.6635074924055,"Number of TFH cells","CD4","number",8,30.0299226688384,2.88590511697637
"IC",28,6.98474876133066,"Number of TFH cells","CD4","number",8,30.0299226688384,0.23259296530186
"IC",60,2.13456678586279,"Number of TFH cells","CD4","number",8,30.0299226688384,0.0710813280940547
"SOL",8,984.257985812924,"Number of TFH cells","CD4","number",8,984.257985812924,1
"SOL",14,64.6195559755266,"Number of TFH cells","CD4","number",8,984.257985812924,0.0656530674954652
"SOL",28,71.5146892276767,"Number of TFH cells","CD4","number",8,984.257985812924,0.0726584800514581
"SOL",60,7.27922006203319,"Number of TFH cells","CD4","number",8,984.257985812924,0.00739564236913058
"TM",8,7371.35657383896,"Number of TFH cells","CD4","number",8,7371.35657383896,1
"TM",14,380.67740164586,"Number of TFH cells","CD4","number",8,7371.35657383896,0.0516427875700504
"TM",28,193.620808417227,"Number of TFH cells","CD4","number",8,7371.35657383896,0.0262666452881129
"TM",60,11.2332857080261,"Number of TFH cells","CD4","number",8,7371.35657383896,0.00152391023219433
"TMd21",8,2447.29904283841,"Number of TFH cells","CD4","number",8,2447.29904283841,1
"TMd21",14,353.351212957314,"Number of TFH cells","CD4","number",8,2447.29904283841,0.144384158524204
"TMd21",28,220.367297405607,"Number of TFH cells","CD4","number",8,2447.29904283841,0.0900451042345941
"TMd21",60,16.684960447636,"Number of TFH cells","CD4","number",8,2447.29904283841,0.0068177039894089
"IC",8,15.8738924726198,"Number of Th1 cells","CD4","number",8,15.8738924726198,1
"IC",14,3.48051492953863,"Number of Th1 cells","CD4","number",8,15.8738924726198,0.219260331739176
"IC",28,7.90028464338537,"Number of Th1 cells","CD4","number",8,15.8738924726198,0.497690447192597
"IC",60,2.85158249566051,"Number of Th1 cells","CD4","number",8,15.8738924726198,0.179639776480726
"SOL",8,99.0571898793254,"Number of Th1 cells","CD4","number",8,99.0571898793254,1
"SOL",14,26.9431377088169,"Number of Th1 cells","CD4","number",8,99.0571898793254,0.271995780837715
"SOL",28,16.533363309654,"Number of Th1 cells","CD4","number",8,99.0571898793254,0.166907251556353
"SOL",60,10.8365243928506,"Number of Th1 cells","CD4","number",8,99.0571898793254,0.10939664658418
"TM",8,294.979220482896,"Number of Th1 cells","CD4","number",8,294.979220482896,1
"TM",14,65.2088116568902,"Number of Th1 cells","CD4","number",8,294.979220482896,0.2210623905987
"TM",28,64.0488772203728,"Number of Th1 cells","CD4","number",8,294.979220482896,0.217130132473472
"TM",60,30.9662725629962,"Number of Th1 cells","CD4","number",8,294.979220482896,0.10497781000405
"TMd21",8,147.988844144448,"Number of Th1 cells","CD4","number",8,147.988844144448,1
"TMd21",14,17.556800903815,"Number of Th1 cells","CD4","number",8,147.988844144448,0.118635975605555
"TMd21",28,30.9180552554774,"Number of Th1 cells","CD4","number",8,147.988844144448,0.20892152671521
"TMd21",60,5.2539649421622,"Number of Th1 cells","CD4","number",8,147.988844144448,0.0355024392043629
"IC",8,3.30594401156627,"Number of Th17","CD4","number",8,3.30594401156627,1
"IC",14,4.15819706029412,"Number of Th17","CD4","number",8,3.30594401156627,1.25779415675103
"IC",60,2.16690345180842,"Number of Th17","CD4","number",8,3.30594401156627,0.65545679062538
"SOL",8,2.80557670044834,"Number of Th17","CD4","number",8,2.80557670044834,1
"SOL",14,3.16947383209696,"Number of Th17","CD4","number",8,2.80557670044834,1.12970493075112
"SOL",60,1.16445208290155,"Number of Th17","CD4","number",8,2.80557670044834,0.415049099429529
"TM",8,3.27225532489825,"Number of Th17","CD4","number",8,3.27225532489825,1
"TM",14,3.9728657352633,"Number of Th17","CD4","number",8,3.27225532489825,1.2141062786373
"TM",28,4.90777397338629,"Number of Th17","CD4","number",8,3.27225532489825,1.49981388556191
"TM",60,108.778517878517,"Number of Th17","CD4","number",8,3.27225532489825,33.2426742653095
"TMd21",8,3.793769136227,"Number of Th17","CD4","number",8,3.793769136227,1
"TMd21",14,2.26933729453319,"Number of Th17","CD4","number",8,3.793769136227,0.598174852777178
"TMd21",28,6.38875363186077,"Number of Th17","CD4","number",8,3.793769136227,1.68401223228216
"TMd21",60,3.80713095270051,"Number of Th17","CD4","number",8,3.793769136227,1.00352204258976
"IC",8,18.6382615213777,"Number of Th2 cells","CD4","number",8,18.6382615213777,1
"IC",14,7.89156842243771,"Number of Th2 cells","CD4","number",8,18.6382615213777,0.423406894113286
"IC",28,21.6249286518763,"Number of Th2 cells","CD4","number",8,18.6382615213777,1.16024386861795
"IC",60,4.09438168668697,"Number of Th2 cells","CD4","number",8,18.6382615213777,0.219676158207716
"SOL",8,33.3983696377494,"Number of Th2 cells","CD4","number",8,33.3983696377494,1
"SOL",14,16.0435060824066,"Number of Th2 cells","CD4","number",8,33.3983696377494,0.480367941801358
"SOL",28,52.1646930224931,"Number of Th2 cells","CD4","number",8,33.3983696377494,1.56189339744095
"SOL",60,11.8240901713333,"Number of Th2 cells","CD4","number",8,33.3983696377494,0.354031957235686
"TM",8,55.6250555167966,"Number of Th2 cells","CD4","number",8,55.6250555167966,1
"TM",14,20.6880150907829,"Number of Th2 cells","CD4","number",8,55.6250555167966,0.371919001223036
"TM",28,63.3514796538009,"Number of Th2 cells","CD4","number",8,55.6250555167966,1.13890186832571
"TM",60,13.6003850247354,"Number of Th2 cells","CD4","number",8,55.6250555167966,0.244501059790018
"TMd21",8,46.5144266570864,"Number of Th2 cells","CD4","number",8,46.5144266570864,1
"TMd21",14,15.3259046795898,"Number of Th2 cells","CD4","number",8,46.5144266570864,0.329487124340485
"TMd21",28,49.9048766532004,"Number of Th2 cells","CD4","number",8,46.5144266570864,1.07289028887982
"TMd21",60,10.8341320667139,"Number of Th2 cells","CD4","number",8,46.5144266570864,0.232919823920121
"IC",8,649.781519949873,"Number of tetramer+ cells","CD4","number",8,649.781519949873,1
"IC",14,209.300533191679,"Number of tetramer+ cells","CD4","number",8,649.781519949873,0.322109088617702
"IC",28,241.065083049878,"Number of tetramer+ cells","CD4","number",8,649.781519949873,0.370994058231257
"IC",60,74.0997147936442,"Number of tetramer+ cells","CD4","number",8,649.781519949873,0.114037891996929
"SOL",8,3265.77846892467,"Number of tetramer+ cells","CD4","number",8,3265.77846892467,1
"SOL",14,568.816701122821,"Number of tetramer+ cells","CD4","number",8,3265.77846892467,0.174174919252902
"SOL",28,582.940779089955,"Number of tetramer+ cells","CD4","number",8,3265.77846892467,0.178499792511003
"SOL",60,162.70956033436,"Number of tetramer+ cells","CD4","number",8,3265.77846892467,0.049822595709603
"TM",8,13884.160912173,"Number of tetramer+ cells","CD4","number",8,13884.160912173,1
"TM",14,1380.07328589423,"Number of tetramer+ cells","CD4","number",8,13884.160912173,0.0993991134663563
"TM",28,1265.60879965671,"Number of tetramer+ cells","CD4","number",8,13884.160912173,0.0911548639966483
"TM",60,582.274207399608,"Number of tetramer+ cells","CD4","number",8,13884.160912173,0.0419380192352205
"TMd21",8,5370.56992276851,"Number of tetramer+ cells","CD4","number",8,5370.56992276851,1
"TMd21",14,990.455280997357,"Number of tetramer+ cells","CD4","number",8,5370.56992276851,0.184422751261151
"TMd21",28,1048.38693300402,"Number of tetramer+ cells","CD4","number",8,5370.56992276851,0.195209623574471
"TMd21",60,193.451739004501,"Number of tetramer+ cells","CD4","number",8,5370.56992276851,0.036020709493859
"IC",8,2.225,"PD-1+ CXCR5+ BCL6+ TFH (% tetramer)","CD4","percentage",8,2.225,1
"IC",14,5.60583333333333,"PD-1+ CXCR5+ BCL6+ TFH (% tetramer)","CD4","percentage",8,2.225,2.51947565543071
"IC",28,0.725,"PD-1+ CXCR5+ BCL6+ TFH (% tetramer)","CD4","percentage",8,2.225,0.325842696629213
"IC",60,0.320833333333333,"PD-1+ CXCR5+ BCL6+ TFH (% tetramer)","CD4","percentage",8,2.225,0.144194756554307
"SOL",8,31.1333333333333,"PD-1+ CXCR5+ BCL6+ TFH (% tetramer)","CD4","percentage",8,31.1333333333333,1
"SOL",14,10.9733333333333,"PD-1+ CXCR5+ BCL6+ TFH (% tetramer)","CD4","percentage",8,31.1333333333333,0.352462526766595
"SOL",28,10.855,"PD-1+ CXCR5+ BCL6+ TFH (% tetramer)","CD4","percentage",8,31.1333333333333,0.348661670235546
"SOL",60,2.81666666666667,"PD-1+ CXCR5+ BCL6+ TFH (% tetramer)","CD4","percentage",8,31.1333333333333,0.0904710920770878
"TM",8,51.8333333333333,"PD-1+ CXCR5+ BCL6+ TFH (% tetramer)","CD4","percentage",8,51.8333333333333,1
"TM",14,27.1666666666667,"PD-1+ CXCR5+ BCL6+ TFH (% tetramer)","CD4","percentage",8,51.8333333333333,0.52411575562701
"TM",28,14.8283333333333,"PD-1+ CXCR5+ BCL6+ TFH (% tetramer)","CD4","percentage",8,51.8333333333333,0.286077170418006
"TM",60,4.03833333333333,"PD-1+ CXCR5+ BCL6+ TFH (% tetramer)","CD4","percentage",8,51.8333333333333,0.0779099678456592
"TMd21",8,43.7666666666667,"PD-1+ CXCR5+ BCL6+ TFH (% tetramer)","CD4","percentage",8,43.7666666666667,1
"TMd21",14,32.95,"PD-1+ CXCR5+ BCL6+ TFH (% tetramer)","CD4","percentage",8,43.7666666666667,0.752856054836253
"TMd21",28,19.2616666666667,"PD-1+ CXCR5+ BCL6+ TFH (% tetramer)","CD4","percentage",8,43.7666666666667,0.44009900990099
"TMd21",60,9.43833333333333,"PD-1+ CXCR5+ BCL6+ TFH (% tetramer)","CD4","percentage",8,43.7666666666667,0.215651180502666
"IC",8,0.0841666666666667,"Tetramer+  (% CD4)","CD4","percentage",8,0.0841666666666667,1
"IC",14,0.0258891666666667,"Tetramer+  (% CD4)","CD4","percentage",8,0.0841666666666667,0.307594059405941
"IC",28,0.00802,"Tetramer+  (% CD4)","CD4","percentage",8,0.0841666666666667,0.0952871287128713
"IC",60,0.0120258333333333,"Tetramer+  (% CD4)","CD4","percentage",8,0.0841666666666667,0.142881188118812
"SOL",8,0.441666666666667,"Tetramer+  (% CD4)","CD4","percentage",8,0.441666666666667,1
"SOL",14,0.0785833333333333,"Tetramer+  (% CD4)","CD4","percentage",8,0.441666666666667,0.177924528301887
"SOL",28,0.025,"Tetramer+  (% CD4)","CD4","percentage",8,0.441666666666667,0.0566037735849057
"SOL",60,0.0243333333333333,"Tetramer+  (% CD4)","CD4","percentage",8,0.441666666666667,0.0550943396226415
"TM",8,1.02666666666667,"Tetramer+  (% CD4)","CD4","percentage",8,1.02666666666667,1
"TM",14,0.163666666666667,"Tetramer+  (% CD4)","CD4","percentage",8,1.02666666666667,0.159415584415584
"TM",28,0.0566666666666667,"Tetramer+  (% CD4)","CD4","percentage",8,1.02666666666667,0.0551948051948052
"TM",60,0.0616666666666667,"Tetramer+  (% CD4)","CD4","percentage",8,1.02666666666667,0.0600649350649351
"TMd21",8,0.5,"Tetramer+  (% CD4)","CD4","percentage",8,0.5,1
"TMd21",14,0.114583333333333,"Tetramer+  (% CD4)","CD4","percentage",8,0.5,0.229166666666667
"TMd21",28,0.0493333333333333,"Tetramer+  (% CD4)","CD4","percentage",8,0.5,0.0986666666666667
"TMd21",60,0.0285833333333333,"Tetramer+  (% CD4)","CD4","percentage",8,0.5,0.0571666666666667
"IC",8,1967082.68543448,"Total cells in sample","CD4","number",8,1967082.68543448,1
"IC",14,2993635.33581464,"Total cells in sample","CD4","number",8,1967082.68543448,1.52186553111438
"IC",28,7641070.41570962,"Total cells in sample","CD4","number",8,1967082.68543448,3.88446834100515
"IC",60,1975176.86313008,"Total cells in sample","CD4","number",8,1967082.68543448,1.00411481314718
"SOL",8,2565757.70638275,"Total cells in sample","CD4","number",8,2565757.70638275,1
"SOL",14,2627988.79912768,"Total cells in sample","CD4","number",8,2565757.70638275,1.02425446977714
"SOL",28,6752425.23033599,"Total cells in sample","CD4","number",8,2565757.70638275,2.63174703267507
"SOL",60,1951423.83887202,"Total cells in sample","CD4","number",8,2565757.70638275,0.760564348698057
"TM",8,4847069.07577419,"Total cells in sample","CD4","number",8,4847069.07577419,1
"TM",14,3282935.47616437,"Total cells in sample","CD4","number",8,4847069.07577419,0.677303216612404
"TM",28,5728775.28051856,"Total cells in sample","CD4","number",8,4847069.07577419,1.18190502156265
"TM",60,1869176.40925745,"Total cells in sample","CD4","number",8,4847069.07577419,0.385630239643098
"TMd21",8,3355645.65734174,"Total cells in sample","CD4","number",8,3355645.65734174,1
"TMd21",14,2981554.36514795,"Total cells in sample","CD4","number",8,3355645.65734174,0.888518833514102
"TMd21",28,5969608.06685673,"Total cells in sample","CD4","number",8,3355645.65734174,1.77897450340025
"TMd21",60,2193478.83456631,"Total cells in sample","CD4","number",8,3355645.65734174,0.653668193412271
"IC",8,6.92555555555556,"CD127+ CD62L+ CX3CR1- KLRG1- TCM (% tetramer)","CD8","percentage",8,6.92555555555556,1
"IC",14,11.6766666666667,"CD127+ CD62L+ CX3CR1- KLRG1- TCM (% tetramer)","CD8","percentage",8,6.92555555555556,1.68602599069469
"IC",28,15.0158333333333,"CD127+ CD62L+ CX3CR1- KLRG1- TCM (% tetramer)","CD8","percentage",8,6.92555555555556,2.16817744264399
"IC",60,26.1444444444444,"CD127+ CD62L+ CX3CR1- KLRG1- TCM (% tetramer)","CD8","percentage",8,6.92555555555556,3.77506818546446
"SOL",8,13.9122222222222,"CD127+ CD62L+ CX3CR1- KLRG1- TCM (% tetramer)","CD8","percentage",8,13.9122222222222,1
"SOL",14,21.8333333333333,"CD127+ CD62L+ CX3CR1- KLRG1- TCM (% tetramer)","CD8","percentage",8,13.9122222222222,1.56936346937146
"SOL",28,30.7583333333333,"CD127+ CD62L+ CX3CR1- KLRG1- TCM (% tetramer)","CD8","percentage",8,13.9122222222222,2.21088571200383
"SOL",60,39.3388888888889,"CD127+ CD62L+ CX3CR1- KLRG1- TCM (% tetramer)","CD8","percentage",8,13.9122222222222,2.82764954875809
"TM",8,8.37333333333333,"CD127+ CD62L+ CX3CR1- KLRG1- TCM (% tetramer)","CD8","percentage",8,8.37333333333333,1
"TM",14,13.836,"CD127+ CD62L+ CX3CR1- KLRG1- TCM (% tetramer)","CD8","percentage",8,8.37333333333333,1.65238853503185
"TM",28,13.4483333333333,"CD127+ CD62L+ CX3CR1- KLRG1- TCM (% tetramer)","CD8","percentage",8,8.37333333333333,1.60609076433121
"TM",60,25.4461111111111,"CD127+ CD62L+ CX3CR1- KLRG1- TCM (% tetramer)","CD8","percentage",8,8.37333333333333,3.03894639065817
"TMd21",8,8.75111111111111,"CD127+ CD62L+ CX3CR1- KLRG1- TCM (% tetramer)","CD8","percentage",8,8.75111111111111,1
"TMd21",14,11.655,"CD127+ CD62L+ CX3CR1- KLRG1- TCM (% tetramer)","CD8","percentage",8,8.75111111111111,1.33183087861859
"TMd21",28,20.2816666666667,"CD127+ CD62L+ CX3CR1- KLRG1- TCM (% tetramer)","CD8","percentage",8,8.75111111111111,2.31761046216353
"TMd21",60,42.3444444444444,"CD127+ CD62L+ CX3CR1- KLRG1- TCM (% tetramer)","CD8","percentage",8,8.75111111111111,4.83875063484002
"IC",8,8.65166666666667,"CD127+ KLRG1- CD62L+ TCF1+ SLAMF6+ Tscm (% tetramer)","CD8","percentage",8,8.65166666666667,1
"IC",14,9.93333333333333,"CD127+ KLRG1- CD62L+ TCF1+ SLAMF6+ Tscm (% tetramer)","CD8","percentage",8,8.65166666666667,1.14814101329224
"IC",28,16.165,"CD127+ KLRG1- CD62L+ TCF1+ SLAMF6+ Tscm (% tetramer)","CD8","percentage",8,8.65166666666667,1.86842612213446
"IC",60,22.25,"CD127+ KLRG1- CD62L+ TCF1+ SLAMF6+ Tscm (% tetramer)","CD8","percentage",8,8.65166666666667,2.57175881333076
"SOL",8,13.075,"CD127+ KLRG1- CD62L+ TCF1+ SLAMF6+ Tscm (% tetramer)","CD8","percentage",8,13.075,1
"SOL",14,21.3333333333333,"CD127+ KLRG1- CD62L+ TCF1+ SLAMF6+ Tscm (% tetramer)","CD8","percentage",8,13.075,1.63161249203314
"SOL",28,33.6,"CD127+ KLRG1- CD62L+ TCF1+ SLAMF6+ Tscm (% tetramer)","CD8","percentage",8,13.075,2.5697896749522
"SOL",60,33.6333333333333,"CD127+ KLRG1- CD62L+ TCF1+ SLAMF6+ Tscm (% tetramer)","CD8","percentage",8,13.075,2.572339069471
"TM",8,8.58083333333333,"CD127+ KLRG1- CD62L+ TCF1+ SLAMF6+ Tscm (% tetramer)","CD8","percentage",8,8.58083333333333,1
"TM",14,11.0954545454545,"CD127+ KLRG1- CD62L+ TCF1+ SLAMF6+ Tscm (% tetramer)","CD8","percentage",8,8.58083333333333,1.29305093275182
"TM",28,16.1866666666667,"CD127+ KLRG1- CD62L+ TCF1+ SLAMF6+ Tscm (% tetramer)","CD8","percentage",8,8.58083333333333,1.88637467223463
"TM",60,23.5416666666667,"CD127+ KLRG1- CD62L+ TCF1+ SLAMF6+ Tscm (% tetramer)","CD8","percentage",8,8.58083333333333,2.74351752937749
"TMd21",8,9.285,"CD127+ KLRG1- CD62L+ TCF1+ SLAMF6+ Tscm (% tetramer)","CD8","percentage",8,9.285,1
"TMd21",14,10.3108333333333,"CD127+ KLRG1- CD62L+ TCF1+ SLAMF6+ Tscm (% tetramer)","CD8","percentage",8,9.285,1.11048285765572
"TMd21",28,22.7166666666667,"CD127+ KLRG1- CD62L+ TCF1+ SLAMF6+ Tscm (% tetramer)","CD8","percentage",8,9.285,2.44659845629151
"TMd21",60,37.6166666666667,"CD127+ KLRG1- CD62L+ TCF1+ SLAMF6+ Tscm (% tetramer)","CD8","percentage",8,9.285,4.05133728235505
"IC",8,95.975,"CD127+ KLRG1- CD62L+ TCF1+ SLAMF6+ Tscm (%TCM)","CD8","percentage",8,95.975,1
"IC",14,90.7,"CD127+ KLRG1- CD62L+ TCF1+ SLAMF6+ Tscm (%TCM)","CD8","percentage",8,95.975,0.94503777025267
"IC",28,96.15,"CD127+ KLRG1- CD62L+ TCF1+ SLAMF6+ Tscm (%TCM)","CD8","percentage",8,95.975,1.00182339150821
"IC",60,97.3083333333333,"CD127+ KLRG1- CD62L+ TCF1+ SLAMF6+ Tscm (%TCM)","CD8","percentage",8,95.975,1.01389250672918
"SOL",8,97.4833333333333,"CD127+ KLRG1- CD62L+ TCF1+ SLAMF6+ Tscm (%TCM)","CD8","percentage",8,97.4833333333333,1
"SOL",14,92.525,"CD127+ KLRG1- CD62L+ TCF1+ SLAMF6+ Tscm (%TCM)","CD8","percentage",8,97.4833333333333,0.949136604547786
"SOL",28,96.65,"CD127+ KLRG1- CD62L+ TCF1+ SLAMF6+ Tscm (%TCM)","CD8","percentage",8,97.4833333333333,0.991451530176099
"SOL",60,97.2083333333333,"CD127+ KLRG1- CD62L+ TCF1+ SLAMF6+ Tscm (%TCM)","CD8","percentage",8,97.4833333333333,0.997179004958112
"TM",8,96.7333333333333,"CD127+ KLRG1- CD62L+ TCF1+ SLAMF6+ Tscm (%TCM)","CD8","percentage",8,96.7333333333333,1
"TM",14,87.8,"CD127+ KLRG1- CD62L+ TCF1+ SLAMF6+ Tscm (%TCM)","CD8","percentage",8,96.7333333333333,0.907649896623019
"TM",28,97.3666666666667,"CD127+ KLRG1- CD62L+ TCF1+ SLAMF6+ Tscm (%TCM)","CD8","percentage",8,96.7333333333333,1.0065472088215
"TM",60,96.25,"CD127+ KLRG1- CD62L+ TCF1+ SLAMF6+ Tscm (%TCM)","CD8","percentage",8,96.7333333333333,0.99500344589938
"TMd21",8,96.5166666666667,"CD127+ KLRG1- CD62L+ TCF1+ SLAMF6+ Tscm (%TCM)","CD8","percentage",8,96.5166666666667,1
"TMd21",14,85.5583333333333,"CD127+ KLRG1- CD62L+ TCF1+ SLAMF6+ Tscm (%TCM)","CD8","percentage",8,96.5166666666667,0.88646175099292
"TMd21",28,98.05,"CD127+ KLRG1- CD62L+ TCF1+ SLAMF6+ Tscm (%TCM)","CD8","percentage",8,96.5166666666667,1.01588672077361
"TMd21",60,92.0333333333333,"CD127+ KLRG1- CD62L+ TCF1+ SLAMF6+ Tscm (%TCM)","CD8","percentage",8,96.5166666666667,0.953548609911932
"IC",8,38.7833333333333,"CD127+ KLRG1- TCF1+ SLAMF6+ Tsl (% tetramer)","CD8","percentage",8,38.7833333333333,1
"IC",28,13.2333333333333,"CD127+ KLRG1- TCF1+ SLAMF6+ Tsl (% tetramer)","CD8","percentage",8,38.7833333333333,0.341211860764933
"SOL",8,55.6833333333333,"CD127+ KLRG1- TCF1+ SLAMF6+ Tsl (% tetramer)","CD8","percentage",8,55.6833333333333,1
"SOL",28,26.5333333333333,"CD127+ KLRG1- TCF1+ SLAMF6+ Tsl (% tetramer)","CD8","percentage",8,55.6833333333333,0.476504040706375
"TM",8,39.9333333333333,"CD127+ KLRG1- TCF1+ SLAMF6+ Tsl (% tetramer)","CD8","percentage",8,39.9333333333333,1
"TM",28,10.29,"CD127+ KLRG1- TCF1+ SLAMF6+ Tsl (% tetramer)","CD8","percentage",8,39.9333333333333,0.257679465776294
"TMd21",8,47.3333333333333,"CD127+ KLRG1- TCF1+ SLAMF6+ Tsl (% tetramer)","CD8","percentage",8,47.3333333333333,1
"TMd21",28,15.4233333333333,"CD127+ KLRG1- TCF1+ SLAMF6+ Tsl (% tetramer)","CD8","percentage",8,47.3333333333333,0.325845070422535
"IC",8,47.5666666666667,"CD127+ KLRG1- memory (% tetramer)","CD8","percentage",8,47.5666666666667,1
"IC",14,77.4333333333333,"CD127+ KLRG1- memory (% tetramer)","CD8","percentage",8,47.5666666666667,1.62789067974772
"IC",28,88.3833333333333,"CD127+ KLRG1- memory (% tetramer)","CD8","percentage",8,47.5666666666667,1.85809390329362
"IC",60,94.3277777777778,"CD127+ KLRG1- memory (% tetramer)","CD8","percentage",8,47.5666666666667,1.98306470450829
"SOL",8,50.0722222222222,"CD127+ KLRG1- memory (% tetramer)","CD8","percentage",8,50.0722222222222,1
"SOL",14,70.6333333333333,"CD127+ KLRG1- memory (% tetramer)","CD8","percentage",8,50.0722222222222,1.41062909131255
"SOL",28,87.0583333333333,"CD127+ KLRG1- memory (% tetramer)","CD8","percentage",8,50.0722222222222,1.73865527571286
"SOL",60,90.7555555555556,"CD127+ KLRG1- memory (% tetramer)","CD8","percentage",8,50.0722222222222,1.81249306557195
"TM",8,38.7722222222222,"CD127+ KLRG1- memory (% tetramer)","CD8","percentage",8,38.7722222222222,1
"TM",14,65.3545454545455,"CD127+ KLRG1- memory (% tetramer)","CD8","percentage",8,38.7722222222222,1.68560226132944
"TM",28,83.35,"CD127+ KLRG1- memory (% tetramer)","CD8","percentage",8,38.7722222222222,2.14973491904284
"TM",60,91.3555555555556,"CD127+ KLRG1- memory (% tetramer)","CD8","percentage",8,38.7722222222222,2.35621149161771
"TMd21",8,46.9166666666667,"CD127+ KLRG1- memory (% tetramer)","CD8","percentage",8,46.9166666666667,1
"TMd21",14,62.7666666666667,"CD127+ KLRG1- memory (% tetramer)","CD8","percentage",8,46.9166666666667,1.33783303730018
"TMd21",28,83.2,"CD127+ KLRG1- memory (% tetramer)","CD8","percentage",8,46.9166666666667,1.77335701598579
"TMd21",60,91.35,"CD127+ KLRG1- memory (% tetramer)","CD8","percentage",8,46.9166666666667,1.94706927175844
"IC",8,5.3625,"CD127+ PD-1+ CXCR5+ KLRG1- TFH like (% tetramer)","CD8","percentage",8,5.3625,1
"IC",60,4.58833333333333,"CD127+ PD-1+ CXCR5+ KLRG1- TFH like (% tetramer)","CD8","percentage",8,5.3625,0.855633255633256
"SOL",8,10.9466666666667,"CD127+ PD-1+ CXCR5+ KLRG1- TFH like (% tetramer)","CD8","percentage",8,10.9466666666667,1
"SOL",60,5.85083333333333,"CD127+ PD-1+ CXCR5+ KLRG1- TFH like (% tetramer)","CD8","percentage",8,10.9466666666667,0.534485383678441
"TM",8,6.00666666666667,"CD127+ PD-1+ CXCR5+ KLRG1- TFH like (% tetramer)","CD8","percentage",8,6.00666666666667,1
"TM",60,3.25916666666667,"CD127+ PD-1+ CXCR5+ KLRG1- TFH like (% tetramer)","CD8","percentage",8,6.00666666666667,0.542591564927858
"TMd21",8,5.77166666666667,"CD127+ PD-1+ CXCR5+ KLRG1- TFH like (% tetramer)","CD8","percentage",8,5.77166666666667,1
"TMd21",60,2.40416666666667,"CD127+ PD-1+ CXCR5+ KLRG1- TFH like (% tetramer)","CD8","percentage",8,5.77166666666667,0.416546347097892
"IC",8,2.32833333333333,"CD127+ TCF1+ SLAMF6+ CD62L+ Tscm (% tetramer)","CD8","percentage",8,2.32833333333333,1
"SOL",8,14.4333333333333,"CD127+ TCF1+ SLAMF6+ CD62L+ Tscm (% tetramer)","CD8","percentage",8,14.4333333333333,1
"TM",8,6.58666666666667,"CD127+ TCF1+ SLAMF6+ CD62L+ Tscm (% tetramer)","CD8","percentage",8,6.58666666666667,1
"TMd21",8,6.63166666666667,"CD127+ TCF1+ SLAMF6+ CD62L+ Tscm (% tetramer)","CD8","percentage",8,6.63166666666667,1
"IC",8,14.5894444444444,"CD62L+ CX3CR1- TCM (% memory)","CD8","percentage",8,14.5894444444444,1
"IC",14,14.75,"CD62L+ CX3CR1- TCM (% memory)","CD8","percentage",8,14.5894444444444,1.01100491222726
"IC",28,17.2233333333333,"CD62L+ CX3CR1- TCM (% memory)","CD8","percentage",8,14.5894444444444,1.18053387152051
"IC",60,27.9111111111111,"CD62L+ CX3CR1- TCM (% memory)","CD8","percentage",8,14.5894444444444,1.91310308061384
"SOL",8,28.2833333333333,"CD62L+ CX3CR1- TCM (% memory)","CD8","percentage",8,28.2833333333333,1
"SOL",14,30.85,"CD62L+ CX3CR1- TCM (% memory)","CD8","percentage",8,28.2833333333333,1.09074837949322
"SOL",28,36.0583333333333,"CD62L+ CX3CR1- TCM (% memory)","CD8","percentage",8,28.2833333333333,1.27489687684149
"SOL",60,43.4444444444444,"CD62L+ CX3CR1- TCM (% memory)","CD8","percentage",8,28.2833333333333,1.5360439992143
"TM",8,22.5238888888889,"CD62L+ CX3CR1- TCM (% memory)","CD8","percentage",8,22.5238888888889,1
"TM",14,19.26,"CD62L+ CX3CR1- TCM (% memory)","CD8","percentage",8,22.5238888888889,0.855092124411119
"TM",28,16.8975,"CD62L+ CX3CR1- TCM (% memory)","CD8","percentage",8,22.5238888888889,0.750203487655082
"TM",60,27.8888888888889,"CD62L+ CX3CR1- TCM (% memory)","CD8","percentage",8,22.5238888888889,1.23819154971265
"TMd21",8,19.4955555555556,"CD62L+ CX3CR1- TCM (% memory)","CD8","percentage",8,19.4955555555556,1
"TMd21",14,18.6666666666667,"CD62L+ CX3CR1- TCM (% memory)","CD8","percentage",8,19.4955555555556,0.95748318705118
"TMd21",28,25.1225,"CD62L+ CX3CR1- TCM (% memory)","CD8","percentage",8,19.4955555555556,1.28862703750142
"TMd21",60,46.6444444444444,"CD62L+ CX3CR1- TCM (% memory)","CD8","percentage",8,19.4955555555556,2.39256810669098
"IC",8,11.5988888888889,"CD62L- CX3CR1hi TEM (% memory)","CD8","percentage",8,11.5988888888889,1
"IC",14,12.5666666666667,"CD62L- CX3CR1hi TEM (% memory)","CD8","percentage",8,11.5988888888889,1.08343711083437
"IC",28,20.0575,"CD62L- CX3CR1hi TEM (% memory)","CD8","percentage",8,11.5988888888889,1.72926046556184
"IC",60,19.7166666666667,"CD62L- CX3CR1hi TEM (% memory)","CD8","percentage",8,11.5988888888889,1.69987546699875
"SOL",8,6.34222222222222,"CD62L- CX3CR1hi TEM (% memory)","CD8","percentage",8,6.34222222222222,1
"SOL",14,6.61166666666667,"CD62L- CX3CR1hi TEM (% memory)","CD8","percentage",8,6.34222222222222,1.04248423265592
"SOL",28,11.4925,"CD62L- CX3CR1hi TEM (% memory)","CD8","percentage",8,6.34222222222222,1.81206201822004
"SOL",60,9.91833333333333,"CD62L- CX3CR1hi TEM (% memory)","CD8","percentage",8,6.34222222222222,1.56385774351787
"TM",8,9.93333333333333,"CD62L- CX3CR1hi TEM (% memory)","CD8","percentage",8,9.93333333333333,1
"TM",14,13.2272727272727,"CD62L- CX3CR1hi TEM (% memory)","CD8","percentage",8,9.93333333333333,1.33160463697376
"TM",28,20.8991666666667,"CD62L- CX3CR1hi TEM (% memory)","CD8","percentage",8,9.93333333333333,2.10394295302013
"TM",60,21.4055555555556,"CD62L- CX3CR1hi TEM (% memory)","CD8","percentage",8,9.93333333333333,2.15492170022371
"TMd21",8,9.14055555555556,"CD62L- CX3CR1hi TEM (% memory)","CD8","percentage",8,9.14055555555556,1
"TMd21",14,10.1808333333333,"CD62L- CX3CR1hi TEM (% memory)","CD8","percentage",8,9.14055555555556,1.11380903178752
"TMd21",28,22.4283333333333,"CD62L- CX3CR1hi TEM (% memory)","CD8","percentage",8,9.14055555555556,2.45371664741992
"TMd21",60,12.3316666666667,"CD62L- CX3CR1hi TEM (% memory)","CD8","percentage",8,9.14055555555556,1.34911566279706
"IC",8,5.19666666666667,"CD62L- CX3CR1hi TEM (% tetramer)","CD8","percentage",8,5.19666666666667,1
"IC",14,9.74083333333333,"CD62L- CX3CR1hi TEM (% tetramer)","CD8","percentage",8,5.19666666666667,1.87443874278384
"IC",28,17.7575,"CD62L- CX3CR1hi TEM (% tetramer)","CD8","percentage",8,5.19666666666667,3.41709429121232
"IC",60,18.5,"CD62L- CX3CR1hi TEM (% tetramer)","CD8","percentage",8,5.19666666666667,3.55997434252726
"SOL",8,2.83277777777778,"CD62L- CX3CR1hi TEM (% tetramer)","CD8","percentage",8,2.83277777777778,1
"SOL",14,4.62333333333333,"CD62L- CX3CR1hi TEM (% tetramer)","CD8","percentage",8,2.83277777777778,1.63208472249461
"SOL",28,10.4416666666667,"CD62L- CX3CR1hi TEM (% tetramer)","CD8","percentage",8,2.83277777777778,3.68601686605217
"SOL",60,9.02555555555556,"CD62L- CX3CR1hi TEM (% tetramer)","CD8","percentage",8,2.83277777777778,3.186114924495
"TM",8,3.70666666666667,"CD62L- CX3CR1hi TEM (% tetramer)","CD8","percentage",8,3.70666666666667,1
"TM",14,8.51090909090909,"CD62L- CX3CR1hi TEM (% tetramer)","CD8","percentage",8,3.70666666666667,2.2961085676913
"TM",28,17.9541666666667,"CD62L- CX3CR1hi TEM (% tetramer)","CD8","percentage",8,3.70666666666667,4.84375
"TM",60,19.6,"CD62L- CX3CR1hi TEM (% tetramer)","CD8","percentage",8,3.70666666666667,5.28776978417266
"TMd21",8,4.13611111111111,"CD62L- CX3CR1hi TEM (% tetramer)","CD8","percentage",8,4.13611111111111,1
"TMd21",14,6.29416666666667,"CD62L- CX3CR1hi TEM (% tetramer)","CD8","percentage",8,4.13611111111111,1.52175957018133
"TMd21",28,20.1858333333333,"CD62L- CX3CR1hi TEM (% tetramer)","CD8","percentage",8,4.13611111111111,4.88038952316991
"TMd21",60,11.3466666666667,"CD62L- CX3CR1hi TEM (% tetramer)","CD8","percentage",8,4.13611111111111,2.74331766286098
"IC",8,30.0277777777778,"CD8 T cells (% of live lymphocytes)","CD8","percentage",8,30.0277777777778,1
"IC",14,25.7,"CD8 T cells (% of live lymphocytes)","CD8","percentage",8,30.0277777777778,0.855874190564292
"IC",28,28.5083333333333,"CD8 T cells (% of live lymphocytes)","CD8","percentage",8,30.0277777777778,0.949398704902868
"IC",60,19.0144444444444,"CD8 T cells (% of live lymphocytes)","CD8","percentage",8,30.0277777777778,0.63322849213691
"SOL",8,26.8,"CD8 T cells (% of live lymphocytes)","CD8","percentage",8,26.8,1
"SOL",14,24.9166666666667,"CD8 T cells (% of live lymphocytes)","CD8","percentage",8,26.8,0.929726368159204
"SOL",28,29.6083333333333,"CD8 T cells (% of live lymphocytes)","CD8","percentage",8,26.8,1.10478855721393
"SOL",60,18.7494444444444,"CD8 T cells (% of live lymphocytes)","CD8","percentage",8,26.8,0.699606135986733
"TM",8,24.9333333333333,"CD8 T cells (% of live lymphocytes)","CD8","percentage",8,24.9333333333333,1
"TM",14,21.92,"CD8 T cells (% of live lymphocytes)","CD8","percentage",8,24.9333333333333,0.879144385026738
"TM",28,23.9933333333333,"CD8 T cells (% of live lymphocytes)","CD8","percentage",8,24.9333333333333,0.962299465240642
"TM",60,19.0872222222222,"CD8 T cells (% of live lymphocytes)","CD8","percentage",8,24.9333333333333,0.765530303030303
"TMd21",8,25.8444444444444,"CD8 T cells (% of live lymphocytes)","CD8","percentage",8,25.8444444444444,1
"TMd21",14,24.3,"CD8 T cells (% of live lymphocytes)","CD8","percentage",8,25.8444444444444,0.9402407566638
"TMd21",28,28.2083333333333,"CD8 T cells (% of live lymphocytes)","CD8","percentage",8,25.8444444444444,1.0914660361135
"TMd21",60,18.0472222222222,"CD8 T cells (% of live lymphocytes)","CD8","percentage",8,25.8444444444444,0.698301805674979
"IC",8,108.047411220314,"Cell/bead ratio","CD8","number",8,108.047411220314,1
"IC",14,101.875666327896,"Cell/bead ratio","CD8","number",8,108.047411220314,0.94287928953861
"IC",28,56.6554155901788,"Cell/bead ratio","CD8","number",8,108.047411220314,0.524356992456353
"IC",60,63.789807247656,"Cell/bead ratio","CD8","number",8,108.047411220314,0.590387187691015
"SOL",8,137.91883058107,"Cell/bead ratio","CD8","number",8,137.91883058107,1
"SOL",14,106.832758483465,"Cell/bead ratio","CD8","number",8,137.91883058107,0.774606034820368
"SOL",28,48.5743623494936,"Cell/bead ratio","CD8","number",8,137.91883058107,0.352195288669745
"SOL",60,129.896536241831,"Cell/bead ratio","CD8","number",8,137.91883058107,0.941833219543411
"TM",8,148.485643826117,"Cell/bead ratio","CD8","number",8,148.485643826117,1
"TM",14,139.286034131143,"Cell/bead ratio","CD8","number",8,148.485643826117,0.938043776772474
"TM",28,50.178267859954,"Cell/bead ratio","CD8","number",8,148.485643826117,0.337933463242514
"TM",60,392.055569251791,"Cell/bead ratio","CD8","number",8,148.485643826117,2.64036009912787
"TMd21",8,113.478319145384,"Cell/bead ratio","CD8","number",8,113.478319145384,1
"TMd21",14,127.068593869794,"Cell/bead ratio","CD8","number",8,113.478319145384,1.11976098013048
"TMd21",28,44.0739560862266,"Cell/bead ratio","CD8","number",8,113.478319145384,0.388390984446648
"TMd21",60,148.785178386572,"Cell/bead ratio","CD8","number",8,113.478319145384,1.31113308257549
"IC",8,4302026.08641131,"Cells in total sample vol","CD8","number",8,4302026.08641131,1
"IC",14,4847830.5100352,"Cells in total sample vol","CD8","number",8,4302026.08641131,1.12687148163697
"IC",28,3399324.93541073,"Cells in total sample vol","CD8","number",8,4302026.08641131,0.790168368840924
"IC",60,3827388.43485936,"Cells in total sample vol","CD8","number",8,4302026.08641131,0.889671135874518
"SOL",8,5297349.58624467,"Cells in total sample vol","CD8","number",8,5297349.58624467,1
"SOL",14,4999172.36073749,"Cells in total sample vol","CD8","number",8,5297349.58624467,0.94371199773535
"SOL",28,2914461.74096961,"Cells in total sample vol","CD8","number",8,5297349.58624467,0.550173571428518
"SOL",60,7793792.17450988,"Cells in total sample vol","CD8","number",8,5297349.58624467,1.4712625715221
"TM",8,6099440.48773518,"Cells in total sample vol","CD8","number",8,6099440.48773518,1
"TM",14,6534383.91079725,"Cells in total sample vol","CD8","number",8,6099440.48773518,1.07130874117661
"TM",28,3010696.07159724,"Cells in total sample vol","CD8","number",8,6099440.48773518,0.493602007864686
"TM",60,23523334.1551074,"Cells in total sample vol","CD8","number",8,6099440.48773518,3.85663803137491
"TMd21",8,4672273.07133442,"Cells in total sample vol","CD8","number",8,4672273.07133442,1
"TMd21",14,5776197.78814657,"Cells in total sample vol","CD8","number",8,4672273.07133442,1.23627144645826
"TMd21",28,2644437.36517359,"Cells in total sample vol","CD8","number",8,4672273.07133442,0.565985190676865
"TMd21",60,8927110.70319434,"Cells in total sample vol","CD8","number",8,4672273.07133442,1.91065688304145
"IC",8,46498.0527178389,"Cells/µL","CD8","number",8,46498.0527178389,1
"IC",14,47073.0723563092,"Cells/µL","CD8","number",8,46498.0527178389,1.01236653160423
"IC",28,33993.2493541073,"Cells/µL","CD8","number",8,46498.0527178389,0.73106823548905
"IC",60,38273.8843485936,"Cells/µL","CD8","number",8,46498.0527178389,0.823128757258901
"SOL",8,58056.2263947938,"Cells/µL","CD8","number",8,58056.2263947938,1
"SOL",14,48424.1756648522,"Cells/µL","CD8","number",8,58056.2263947938,0.834090995435325
"SOL",28,29144.6174096961,"Cells/µL","CD8","number",8,58056.2263947938,0.502006747932719
"SOL",60,77937.9217450988,"Cells/µL","CD8","number",8,58056.2263947938,1.34245586709521
"TM",8,65715.9639915453,"Cells/µL","CD8","number",8,65715.9639915453,1
"TM",14,63318.5300667821,"Cells/µL","CD8","number",8,65715.9639915453,0.963518241548253
"TM",28,30106.9607159724,"Cells/µL","CD8","number",8,65715.9639915453,0.458137701819999
"TM",60,235233.341551074,"Cells/µL","CD8","number",8,65715.9639915453,3.57954638817043
"TMd21",8,50999.8578267557,"Cells/µL","CD8","number",8,50999.8578267557,1
"TMd21",14,55708.7358325311,"Cells/µL","CD8","number",8,50999.8578267557,1.09233119868238
"TMd21",28,26444.3736517359,"Cells/µL","CD8","number",8,50999.8578267557,0.518518575905963
"TMd21",60,89271.1070319434,"Cells/µL","CD8","number",8,50999.8578267557,1.75041874303245
"IC",8,2.05333333333333,"KLRG1+ CD127- effector (% tetramer)","CD8","percentage",8,2.05333333333333,1
"IC",14,0.858333333333333,"KLRG1+ CD127- effector (% tetramer)","CD8","percentage",8,2.05333333333333,0.418019480519481
"IC",28,1.10833333333333,"KLRG1+ CD127- effector (% tetramer)","CD8","percentage",8,2.05333333333333,0.539772727272727
"IC",60,0.103333333333333,"KLRG1+ CD127- effector (% tetramer)","CD8","percentage",8,2.05333333333333,0.0503246753246753
"SOL",8,1.93611111111111,"KLRG1+ CD127- effector (% tetramer)","CD8","percentage",8,1.93611111111111,1
"SOL",14,1.89833333333333,"KLRG1+ CD127- effector (% tetramer)","CD8","percentage",8,1.93611111111111,0.980487804878049
"SOL",28,0.445,"KLRG1+ CD127- effector (% tetramer)","CD8","percentage",8,1.93611111111111,0.229842180774749
"SOL",60,0.293333333333333,"KLRG1+ CD127- effector (% tetramer)","CD8","percentage",8,1.93611111111111,0.151506456241033
"TM",8,5.16888888888889,"KLRG1+ CD127- effector (% tetramer)","CD8","percentage",8,5.16888888888889,1
"TM",14,3.52727272727273,"KLRG1+ CD127- effector (% tetramer)","CD8","percentage",8,5.16888888888889,0.682404439928086
"TM",28,3.03,"KLRG1+ CD127- effector (% tetramer)","CD8","percentage",8,5.16888888888889,0.586199484092863
"TM",60,0.851666666666667,"KLRG1+ CD127- effector (% tetramer)","CD8","percentage",8,5.16888888888889,0.164767841788478
"TMd21",8,2.925,"KLRG1+ CD127- effector (% tetramer)","CD8","percentage",8,2.925,1
"TMd21",14,3.17333333333333,"KLRG1+ CD127- effector (% tetramer)","CD8","percentage",8,2.925,1.08490028490028
"TMd21",28,1.13166666666667,"KLRG1+ CD127- effector (% tetramer)","CD8","percentage",8,2.925,0.386894586894587
"TMd21",60,0.0583333333333333,"KLRG1+ CD127- effector (% tetramer)","CD8","percentage",8,2.925,0.0199430199430199
"IC",8,389.920637925952,"Number CD127+ CD62L+ CX3CR1-KLRG1- TCM","CD8","number",8,389.920637925952,1
"IC",14,78.3909952707085,"Number CD127+ CD62L+ CX3CR1-KLRG1- TCM","CD8","number",8,389.920637925952,0.201043462812541
"IC",28,67.4569216471731,"Number CD127+ CD62L+ CX3CR1-KLRG1- TCM","CD8","number",8,389.920637925952,0.173001670303954
"IC",60,65.0950929932996,"Number CD127+ CD62L+ CX3CR1-KLRG1- TCM","CD8","number",8,389.920637925952,0.166944466801117
"SOL",8,420.089458160942,"Number CD127+ CD62L+ CX3CR1-KLRG1- TCM","CD8","number",8,420.089458160942,1
"SOL",14,102.579503171512,"Number CD127+ CD62L+ CX3CR1-KLRG1- TCM","CD8","number",8,420.089458160942,0.244184901998212
"SOL",28,64.7954547975407,"Number CD127+ CD62L+ CX3CR1-KLRG1- TCM","CD8","number",8,420.089458160942,0.154242039496065
"SOL",60,55.982576415314,"Number CD127+ CD62L+ CX3CR1-KLRG1- TCM","CD8","number",8,420.089458160942,0.133263464073565
"TM",8,401.831618901712,"Number CD127+ CD62L+ CX3CR1-KLRG1- TCM","CD8","number",8,401.831618901712,1
"TM",14,127.56452781152,"Number CD127+ CD62L+ CX3CR1-KLRG1- TCM","CD8","number",8,401.831618901712,0.317457665875524
"TM",28,44.3371662967236,"Number CD127+ CD62L+ CX3CR1-KLRG1- TCM","CD8","number",8,401.831618901712,0.110337674317183
"TM",60,58.9794904780316,"Number CD127+ CD62L+ CX3CR1-KLRG1- TCM","CD8","number",8,401.831618901712,0.146776629074722
"TMd21",8,216.673140930345,"Number CD127+ CD62L+ CX3CR1-KLRG1- TCM","CD8","number",8,216.673140930345,1
"TMd21",14,78.9357770859547,"Number CD127+ CD62L+ CX3CR1-KLRG1- TCM","CD8","number",8,216.673140930345,0.364308085197004
"TMd21",28,43.6873419325072,"Number CD127+ CD62L+ CX3CR1-KLRG1- TCM","CD8","number",8,216.673140930345,0.201627860956479
"TMd21",60,49.4772128453057,"Number CD127+ CD62L+ CX3CR1-KLRG1- TCM","CD8","number",8,216.673140930345,0.228349543616074
"IC",8,251.69575154388,"Number CD62L- CX3CR1hi TEM","CD8","number",8,251.69575154388,1
"IC",14,201.132537487657,"Number CD62L- CX3CR1hi TEM","CD8","number",8,251.69575154388,0.799109783355211
"IC",28,72.3453246192131,"Number CD62L- CX3CR1hi TEM","CD8","number",8,251.69575154388,0.287431647834551
"IC",60,49.0087875338884,"Number CD62L- CX3CR1hi TEM","CD8","number",8,251.69575154388,0.19471440115009
"SOL",8,77.1192344144018,"Number CD62L- CX3CR1hi TEM","CD8","number",8,77.1192344144018,1
"SOL",14,56.0801612249879,"Number CD62L- CX3CR1hi TEM","CD8","number",8,77.1192344144018,0.72718773274693
"SOL",28,16.256537572425,"Number CD62L- CX3CR1hi TEM","CD8","number",8,77.1192344144018,0.210797444967752
"SOL",60,15.1252061870991,"Number CD62L- CX3CR1hi TEM","CD8","number",8,77.1192344144018,0.196127545896313
"TM",8,213.230971890745,"Number CD62L- CX3CR1hi TEM","CD8","number",8,213.230971890745,1
"TM",14,181.40909911376,"Number CD62L- CX3CR1hi TEM","CD8","number",8,213.230971890745,0.85076336474567
"TM",28,51.4575275712548,"Number CD62L- CX3CR1hi TEM","CD8","number",8,213.230971890745,0.241322951890969
"TM",60,49.8373906600594,"Number CD62L- CX3CR1hi TEM","CD8","number",8,213.230971890745,0.233724914435015
"TMd21",8,108.587749324786,"Number CD62L- CX3CR1hi TEM","CD8","number",8,108.587749324786,1
"TMd21",14,73.2799374017457,"Number CD62L- CX3CR1hi TEM","CD8","number",8,108.587749324786,0.674845347264405
"TMd21",28,21.9291841991783,"Number CD62L- CX3CR1hi TEM","CD8","number",8,108.587749324786,0.201948970630085
"TMd21",60,16.0142616469366,"Number CD62L- CX3CR1hi TEM","CD8","number",8,108.587749324786,0.147477609090486
"IC",8,547.699045369298,"Number of CD127+ KLRG1- TCF1+ SLAMF6+ Tscm","CD8","number",8,547.699045369298,1
"IC",14,190.070398636613,"Number of CD127+ KLRG1- TCF1+ SLAMF6+ Tscm","CD8","number",8,547.699045369298,0.347034380000525
"IC",28,98.8333231998017,"Number of CD127+ KLRG1- TCF1+ SLAMF6+ Tscm","CD8","number",8,547.699045369298,0.180451881440037
"IC",60,87.7862039930222,"Number of CD127+ KLRG1- TCF1+ SLAMF6+ Tscm","CD8","number",8,547.699045369298,0.160281827648304
"SOL",8,494.718332933342,"Number of CD127+ KLRG1- TCF1+ SLAMF6+ Tscm","CD8","number",8,494.718332933342,1
"SOL",14,210.470521323751,"Number of CD127+ KLRG1- TCF1+ SLAMF6+ Tscm","CD8","number",8,494.718332933342,0.42543505528854
"SOL",28,102.78780295148,"Number of CD127+ KLRG1- TCF1+ SLAMF6+ Tscm","CD8","number",8,494.718332933342,0.207770353570724
"SOL",60,73.2414642601995,"Number of CD127+ KLRG1- TCF1+ SLAMF6+ Tscm","CD8","number",8,494.718332933342,0.148046796297052
"TM",8,502.811964249076,"Number of CD127+ KLRG1- TCF1+ SLAMF6+ Tscm","CD8","number",8,502.811964249076,1
"TM",14,224.332194964807,"Number of CD127+ KLRG1- TCF1+ SLAMF6+ Tscm","CD8","number",8,502.811964249076,0.446155244734154
"TM",28,66.3730838810496,"Number of CD127+ KLRG1- TCF1+ SLAMF6+ Tscm","CD8","number",8,502.811964249076,0.132003787897479
"TM",60,78.7510666101662,"Number of CD127+ KLRG1- TCF1+ SLAMF6+ Tscm","CD8","number",8,502.811964249076,0.156621306193016
"TMd21",8,281.624314412355,"Number of CD127+ KLRG1- TCF1+ SLAMF6+ Tscm","CD8","number",8,281.624314412355,1
"TMd21",14,112.335340375816,"Number of CD127+ KLRG1- TCF1+ SLAMF6+ Tscm","CD8","number",8,281.624314412355,0.398883671000559
"TMd21",28,58.2438100436121,"Number of CD127+ KLRG1- TCF1+ SLAMF6+ Tscm","CD8","number",8,281.624314412355,0.206813854709758
"TMd21",60,60.7642962904328,"Number of CD127+ KLRG1- TCF1+ SLAMF6+ Tscm","CD8","number",8,281.624314412355,0.215763672313683
"IC",60,12.2638773337576,"Number of CD127+ KLRG1- TCF1+ SLAMF6+ Tscm cells","CD8","number",60,12.2638773337576,1
"SOL",60,15.3813362274617,"Number of CD127+ KLRG1- TCF1+ SLAMF6+ Tscm cells","CD8","number",60,15.3813362274617,1
"TM",60,10.806810257234,"Number of CD127+ KLRG1- TCF1+ SLAMF6+ Tscm cells","CD8","number",60,10.806810257234,1
"TMd21",60,18.9181238568381,"Number of CD127+ KLRG1- TCF1+ SLAMF6+ Tscm cells","CD8","number",60,18.9181238568381,1
"IC",8,719.057285278064,"Number of CD127+ KLRG1- TCF1+ SLAMF6+ Tsl cells","CD8","number",8,719.057285278064,1
"IC",28,32.9410316294037,"Number of CD127+ KLRG1- TCF1+ SLAMF6+ Tsl cells","CD8","number",8,719.057285278064,0.0458114148953588
"SOL",8,957.022986293031,"Number of CD127+ KLRG1- TCF1+ SLAMF6+ Tsl cells","CD8","number",8,957.022986293031,1
"SOL",28,22.5274003520379,"Number of CD127+ KLRG1- TCF1+ SLAMF6+ Tsl cells","CD8","number",8,957.022986293031,0.0235390379068077
"TM",8,870.435237703476,"Number of CD127+ KLRG1- TCF1+ SLAMF6+ Tsl cells","CD8","number",8,870.435237703476,1
"TM",28,21.1192826579947,"Number of CD127+ KLRG1- TCF1+ SLAMF6+ Tsl cells","CD8","number",8,870.435237703476,0.0242628994590282
"TMd21",8,479.976807865411,"Number of CD127+ KLRG1- TCF1+ SLAMF6+ Tsl cells","CD8","number",8,479.976807865411,1
"TMd21",28,22.2349886254595,"Number of CD127+ KLRG1- TCF1+ SLAMF6+ Tsl cells","CD8","number",8,479.976807865411,0.0463251312586218
"IC",8,2073.64013746506,"Number of CD127+ KLRG1- memory","CD8","number",8,2073.64013746506,1
"IC",14,1552.08461495705,"Number of CD127+ KLRG1- memory","CD8","number",8,2073.64013746506,0.748483107996939
"IC",28,344.869710664361,"Number of CD127+ KLRG1- memory","CD8","number",8,2073.64013746506,0.166311263190512
"IC",60,259.797399038128,"Number of CD127+ KLRG1- memory","CD8","number",8,2073.64013746506,0.125285672448316
"SOL",8,1338.43936527866,"Number of CD127+ KLRG1- memory","CD8","number",8,1338.43936527866,1
"SOL",14,672.968571174193,"Number of CD127+ KLRG1- memory","CD8","number",8,1338.43936527866,0.502800940133799
"SOL",28,157.303851761384,"Number of CD127+ KLRG1- memory","CD8","number",8,1338.43936527866,0.117527813244371
"SOL",60,140.814766296844,"Number of CD127+ KLRG1- memory","CD8","number",8,1338.43936527866,0.105208177486267
"TM",8,1754.40053291896,"Number of CD127+ KLRG1- memory","CD8","number",8,1754.40053291896,1
"TM",14,1359.1593923992,"Number of CD127+ KLRG1- memory","CD8","number",8,1754.40053291896,0.774714420621978
"TM",28,256.232675695177,"Number of CD127+ KLRG1- memory","CD8","number",8,1754.40053291896,0.146051412369819
"TM",60,236.667768774901,"Number of CD127+ KLRG1- memory","CD8","number",8,1754.40053291896,0.134899508028041
"TMd21",8,1022.63924917589,"Number of CD127+ KLRG1- memory","CD8","number",8,1022.63924917589,1
"TMd21",14,625.327966829975,"Number of CD127+ KLRG1- memory","CD8","number",8,1022.63924917589,0.611484418707674
"TMd21",28,141.461838248493,"Number of CD127+ KLRG1- memory","CD8","number",8,1022.63924917589,0.138330147569137
"TMd21",60,113.896766179169,"Number of CD127+ KLRG1- memory","CD8","number",8,1022.63924917589,0.111375312722404
"IC",14,336.853617529849,"Number of CD62L+ CX3CR1- TCM","CD8","number",14,336.853617529849,1
"SOL",14,345.94095906516,"Number of CD62L+ CX3CR1- TCM","CD8","number",14,345.94095906516,1
"TM",14,359.87529019723,"Number of CD62L+ CX3CR1- TCM","CD8","number",14,359.87529019723,1
"TMd21",14,176.114939066906,"Number of CD62L+ CX3CR1- TCM","CD8","number",14,176.114939066906,1
"IC",14,1874222.22278662,"Number of CD8","CD8","number",14,1874222.22278662,1
"SOL",14,1965140.93541697,"Number of CD8","CD8","number",14,1965140.93541697,1
"TM",14,2181366.11504829,"Number of CD8","CD8","number",14,2181366.11504829,1
"TMd21",14,1949253.51654074,"Number of CD8","CD8","number",14,1949253.51654074,1
"IC",8,1279027.4718779,"Number of CD8 T cells","CD8","number",8,1279027.4718779,1
"IC",14,796199.173136767,"Number of CD8 T cells","CD8","number",8,1279027.4718779,0.622503574507094
"IC",28,979230.274151569,"Number of CD8 T cells","CD8","number",8,1279027.4718779,0.765605349128143
"IC",60,554537.389695253,"Number of CD8 T cells","CD8","number",8,1279027.4718779,0.433561750539311
"SOL",8,1340903.74326339,"Number of CD8 T cells","CD8","number",8,1340903.74326339,1
"SOL",14,854440.841898487,"Number of CD8 T cells","CD8","number",8,1340903.74326339,0.637212660633653
"SOL",28,877017.052346511,"Number of CD8 T cells","CD8","number",8,1340903.74326339,0.654049223706465
"SOL",60,495895.501863855,"Number of CD8 T cells","CD8","number",8,1340903.74326339,0.369821849148532
"TM",8,1497379.19837823,"Number of CD8 T cells","CD8","number",8,1497379.19837823,1
"TM",14,1068051.48969749,"Number of CD8 T cells","CD8","number",8,1497379.19837823,0.713280571049914
"TM",28,699923.876819309,"Number of CD8 T cells","CD8","number",8,1497379.19837823,0.467432616652733
"TM",60,414075.086066445,"Number of CD8 T cells","CD8","number",8,1497379.19837823,0.276533216512503
"TMd21",8,1190477.85530639,"Number of CD8 T cells","CD8","number",8,1190477.85530639,1
"TMd21",14,1081021.69144954,"Number of CD8 T cells","CD8","number",8,1190477.85530639,0.908056950938675
"TMd21",28,744177.268620985,"Number of CD8 T cells","CD8","number",8,1190477.85530639,0.625108031454693
"TMd21",60,405572.528037378,"Number of CD8 T cells","CD8","number",8,1190477.85530639,0.340680447124316
"IC",8,143.417585985881,"Number of CXCR5+ PD-1+ CD127+ KLRG1- TFH like","CD8","number",8,143.417585985881,1
"IC",14,45.8126589561512,"Number of CXCR5+ PD-1+ CD127+ KLRG1- TFH like","CD8","number",8,143.417585985881,0.319435434930981
"IC",28,90.1915264335151,"Number of CXCR5+ PD-1+ CD127+ KLRG1- TFH like","CD8","number",8,143.417585985881,0.62887355001495
"IC",60,13.9145243546796,"Number of CXCR5+ PD-1+ CD127+ KLRG1- TFH like","CD8","number",8,143.417585985881,0.0970210470287061
"SOL",8,199.259961773699,"Number of CXCR5+ PD-1+ CD127+ KLRG1- TFH like","CD8","number",8,199.259961773699,1
"SOL",14,56.7698065368198,"Number of CXCR5+ PD-1+ CD127+ KLRG1- TFH like","CD8","number",8,199.259961773699,0.284903229085699
"SOL",28,53.4441267766805,"Number of CXCR5+ PD-1+ CD127+ KLRG1- TFH like","CD8","number",8,199.259961773699,0.268213073519392
"SOL",60,7.14131115421881,"Number of CXCR5+ PD-1+ CD127+ KLRG1- TFH like","CD8","number",8,199.259961773699,0.0358391675409897
"TM",8,203.332629613833,"Number of CXCR5+ PD-1+ CD127+ KLRG1- TFH like","CD8","number",8,203.332629613833,1
"TM",14,67.4239714835431,"Number of CXCR5+ PD-1+ CD127+ KLRG1- TFH like","CD8","number",8,203.332629613833,0.331594449998478
"TM",28,59.5259792584863,"Number of CXCR5+ PD-1+ CD127+ KLRG1- TFH like","CD8","number",8,203.332629613833,0.292751730853712
"TM",60,8.61311783691947,"Number of CXCR5+ PD-1+ CD127+ KLRG1- TFH like","CD8","number",8,203.332629613833,0.0423597425227688
"TMd21",8,87.1005150131825,"Number of CXCR5+ PD-1+ CD127+ KLRG1- TFH like","CD8","number",8,87.1005150131825,1
"TMd21",14,28.7437346194039,"Number of CXCR5+ PD-1+ CD127+ KLRG1- TFH like","CD8","number",8,87.1005150131825,0.330006482912914
"TMd21",28,34.1046770208064,"Number of CXCR5+ PD-1+ CD127+ KLRG1- TFH like","CD8","number",8,87.1005150131825,0.39155540028259
"TMd21",60,5.49469999038621,"Number of CXCR5+ PD-1+ CD127+ KLRG1- TFH like","CD8","number",8,87.1005150131825,0.0630845866933691
"IC",28,21.0965716551013,"Number of CXCR5+ PD-1+ TFH like","CD8","number",28,21.0965716551013,1
"SOL",28,9.88965313422649,"Number of CXCR5+ PD-1+ TFH like","CD8","number",28,9.88965313422649,1
"TM",28,15.9025531439145,"Number of CXCR5+ PD-1+ TFH like","CD8","number",28,15.9025531439145,1
"TMd21",28,5.33267379504792,"Number of CXCR5+ PD-1+ TFH like","CD8","number",28,5.33267379504792,1
"IC",8,66.4296033575062,"Number of KLRG1+ CD127- effector","CD8","number",8,66.4296033575062,1
"IC",14,11.910633128718,"Number of KLRG1+ CD127- effector","CD8","number",8,66.4296033575062,0.179297068275693
"IC",28,7.71541019993028,"Number of KLRG1+ CD127- effector","CD8","number",8,66.4296033575062,0.116144155767543
"IC",60,2.54546130867245,"Number of KLRG1+ CD127- effector","CD8","number",8,66.4296033575062,0.0383181771381874
"SOL",8,51.9340423812356,"Number of KLRG1+ CD127- effector","CD8","number",8,51.9340423812356,1
"SOL",14,21.1179283184418,"Number of KLRG1+ CD127- effector","CD8","number",8,51.9340423812356,0.406629781741618
"SOL",28,3.80756190779505,"Number of KLRG1+ CD127- effector","CD8","number",8,51.9340423812356,0.0733153387106791
"SOL",60,1.02683464589503,"Number of KLRG1+ CD127- effector","CD8","number",8,51.9340423812356,0.0197718991015041
"TM",8,269.019991003838,"Number of KLRG1+ CD127- effector","CD8","number",8,269.019991003838,1
"TM",14,76.4306554311068,"Number of KLRG1+ CD127- effector","CD8","number",8,269.019991003838,0.284107716849995
"TM",28,16.9105029152395,"Number of KLRG1+ CD127- effector","CD8","number",8,269.019991003838,0.062859651627147
"TM",60,8.0466065708013,"Number of KLRG1+ CD127- effector","CD8","number",8,269.019991003838,0.0299108127272463
"TMd21",8,69.5478345027653,"Number of KLRG1+ CD127- effector","CD8","number",8,69.5478345027653,1
"TMd21",14,39.7326974426479,"Number of KLRG1+ CD127- effector","CD8","number",8,69.5478345027653,0.571300281694149
"TMd21",28,4.0120526344099,"Number of KLRG1+ CD127- effector","CD8","number",8,69.5478345027653,0.057687671558636
"TMd21",60,0.472107088073395,"Number of KLRG1+ CD127- effector","CD8","number",8,69.5478345027653,0.00678823562874015
"IC",8,3.39166666666667e-05,"Number of Tscm","CD8","number",8,3.39166666666667e-05,1
"SOL",8,0.000151705,"Number of Tscm","CD8","number",8,0.000151705,1
"TM",8,9.89283333333333e-05,"Number of Tscm","CD8","number",8,9.89283333333333e-05,1
"TMd21",8,5.16785e-05,"Number of Tscm","CD8","number",8,5.16785e-05,1
"IC",8,1042.38888888889,"Number of bead events","CD8","number",8,1042.38888888889,1
"IC",14,1086.5,"Number of bead events","CD8","number",8,1042.38888888889,1.04231732665352
"IC",28,961.083333333333,"Number of bead events","CD8","number",8,1042.38888888889,0.922000746149336
"IC",60,993.055555555556,"Number of bead events","CD8","number",8,1042.38888888889,0.952672813515962
"SOL",8,1064.33333333333,"Number of bead events","CD8","number",8,1064.33333333333,1
"SOL",14,1073.41666666667,"Number of bead events","CD8","number",8,1064.33333333333,1.00853429376762
"SOL",28,941.666666666667,"Number of bead events","CD8","number",8,1064.33333333333,0.884747886000626
"SOL",60,966.444444444444,"Number of bead events","CD8","number",8,1064.33333333333,0.908027977868254
"TM",8,1021.38888888889,"Number of bead events","CD8","number",8,1021.38888888889,1
"TM",14,1044.63636363636,"Number of bead events","CD8","number",8,1021.38888888889,1.02276064973916
"TM",28,957.583333333333,"Number of bead events","CD8","number",8,1021.38888888889,0.937530595594234
"TM",60,969.111111111111,"Number of bead events","CD8","number",8,1021.38888888889,0.948816970356269
"TMd21",8,1056.61111111111,"Number of bead events","CD8","number",8,1056.61111111111,1
"TMd21",14,1065.58333333333,"Number of bead events","CD8","number",8,1056.61111111111,1.00849150849151
"TMd21",28,966.166666666667,"Number of bead events","CD8","number",8,1056.61111111111,0.914401388085599
"TMd21",60,956.888888888889,"Number of bead events","CD8","number",8,1056.61111111111,0.905620695094379
"IC",8,113681.166666667,"Number of cell events","CD8","number",8,113681.166666667,1
"IC",14,109828.083333333,"Number of cell events","CD8","number",8,113681.166666667,0.966106229850444
"IC",28,54655.0833333333,"Number of cell events","CD8","number",8,113681.166666667,0.480775179705815
"IC",60,63838.3333333333,"Number of cell events","CD8","number",8,113681.166666667,0.561555930548449
"SOL",8,149180.111111111,"Number of cell events","CD8","number",8,149180.111111111,1
"SOL",14,114532.416666667,"Number of cell events","CD8","number",8,149180.111111111,0.767745886590482
"SOL",28,45267.8333333333,"Number of cell events","CD8","number",8,149180.111111111,0.303444158850487
"SOL",60,123680.222222222,"Number of cell events","CD8","number",8,149180.111111111,0.829066430511663
"TM",8,148459.777777778,"Number of cell events","CD8","number",8,148459.777777778,1
"TM",14,146965.181818182,"Number of cell events","CD8","number",8,148459.777777778,0.989932653935175
"TM",28,46352.4166666667,"Number of cell events","CD8","number",8,148459.777777778,0.312222053410651
"TM",60,343116.944444444,"Number of cell events","CD8","number",8,148459.777777778,2.31117781247147
"TMd21",8,121011.833333333,"Number of cell events","CD8","number",8,121011.833333333,1
"TMd21",14,135494.833333333,"Number of cell events","CD8","number",8,121011.833333333,1.1196825103881
"TMd21",28,42203.0833333333,"Number of cell events","CD8","number",8,121011.833333333,0.348751706100368
"TMd21",60,135106,"Number of cell events","CD8","number",8,121011.833333333,1.11646932600255
"IC",8,4461.41671925822,"Number of tetramer+ cells","CD8","number",8,4461.41671925822,1
"IC",14,2006.97972498731,"Number of tetramer+ cells","CD8","number",8,4461.41671925822,0.449852558341825
"IC",28,406.161214073559,"Number of tetramer+ cells","CD8","number",8,4461.41671925822,0.0910386183653988
"IC",60,270.5976622995,"Number of tetramer+ cells","CD8","number",8,4461.41671925822,0.0606528552088474
"SOL",8,2832.68393702255,"Number of tetramer+ cells","CD8","number",8,2832.68393702255,1
"SOL",14,1009.09463039227,"Number of tetramer+ cells","CD8","number",8,2832.68393702255,0.356232694090445
"SOL",28,189.305317783684,"Number of tetramer+ cells","CD8","number",8,2832.68393702255,0.0668289586810252
"SOL",60,151.943083712614,"Number of tetramer+ cells","CD8","number",8,2832.68393702255,0.0536392647717423
"TM",8,4870.6277584157,"Number of tetramer+ cells","CD8","number",8,4870.6277584157,1
"TM",14,2176.68266679341,"Number of tetramer+ cells","CD8","number",8,4870.6277584157,0.446899819644897
"TM",28,319.940419168951,"Number of tetramer+ cells","CD8","number",8,4870.6277584157,0.0656877172795936
"TM",60,253.269931879467,"Number of tetramer+ cells","CD8","number",8,4870.6277584157,0.0519994432836416
"TMd21",8,2337.23069450592,"Number of tetramer+ cells","CD8","number",8,2337.23069450592,1
"TMd21",14,1028.87756780019,"Number of tetramer+ cells","CD8","number",8,2337.23069450592,0.440212243583294
"TMd21",28,177.597353482944,"Number of tetramer+ cells","CD8","number",8,2337.23069450592,0.0759862318685181
"TMd21",60,121.89687367321,"Number of tetramer+ cells","CD8","number",8,2337.23069450592,0.0521544039104702
"IC",8,11.4616666666667,"PD-1+ CXCR5+ TFH like (% memory)","CD8","percentage",8,11.4616666666667,1
"IC",60,4.8625,"PD-1+ CXCR5+ TFH like (% memory)","CD8","percentage",8,11.4616666666667,0.42424022102661
"SOL",8,20.375,"PD-1+ CXCR5+ TFH like (% memory)","CD8","percentage",8,20.375,1
"SOL",60,6.50666666666667,"PD-1+ CXCR5+ TFH like (% memory)","CD8","percentage",8,20.375,0.319345603271984
"TM",8,14.0391666666667,"PD-1+ CXCR5+ TFH like (% memory)","CD8","percentage",8,14.0391666666667,1
"TM",60,3.65916666666667,"PD-1+ CXCR5+ TFH like (% memory)","CD8","percentage",8,14.0391666666667,0.260639876535882
"TMd21",8,11.66,"PD-1+ CXCR5+ TFH like (% memory)","CD8","percentage",8,11.66,1
"TMd21",60,2.60416666666667,"PD-1+ CXCR5+ TFH like (% memory)","CD8","percentage",8,11.66,0.223341909662664
"IC",8,1.315,"PD-1+ CXCR5+ TFH like (% tetramer)","CD8","percentage",8,1.315,1
"IC",14,5.13833333333333,"PD-1+ CXCR5+ TFH like (% tetramer)","CD8","percentage",8,1.315,3.90747782002535
"IC",28,11.5991666666667,"PD-1+ CXCR5+ TFH like (% tetramer)","CD8","percentage",8,1.315,8.82065906210393
"IC",60,7.15,"PD-1+ CXCR5+ TFH like (% tetramer)","CD8","percentage",8,1.315,5.43726235741445
"SOL",8,4.26333333333333,"PD-1+ CXCR5+ TFH like (% tetramer)","CD8","percentage",8,4.26333333333333,1
"SOL",14,11.1016666666667,"PD-1+ CXCR5+ TFH like (% tetramer)","CD8","percentage",8,4.26333333333333,2.60398749022674
"SOL",28,16.265,"PD-1+ CXCR5+ TFH like (% tetramer)","CD8","percentage",8,4.26333333333333,3.81508991399531
"SOL",60,6.64666666666667,"PD-1+ CXCR5+ TFH like (% tetramer)","CD8","percentage",8,4.26333333333333,1.55903049257232
"TM",8,2.10333333333333,"PD-1+ CXCR5+ TFH like (% tetramer)","CD8","percentage",8,2.10333333333333,1
"TM",14,8.604,"PD-1+ CXCR5+ TFH like (% tetramer)","CD8","percentage",8,2.10333333333333,4.09064976228209
"TM",28,9.85583333333333,"PD-1+ CXCR5+ TFH like (% tetramer)","CD8","percentage",8,2.10333333333333,4.68581616481775
"TM",60,4.73833333333333,"PD-1+ CXCR5+ TFH like (% tetramer)","CD8","percentage",8,2.10333333333333,2.25277337559429
"TMd21",8,1.795,"PD-1+ CXCR5+ TFH like (% tetramer)","CD8","percentage",8,1.795,1
"TMd21",14,5.87333333333333,"PD-1+ CXCR5+ TFH like (% tetramer)","CD8","percentage",8,1.795,3.27205199628598
"TMd21",28,8.77916666666667,"PD-1+ CXCR5+ TFH like (% tetramer)","CD8","percentage",8,1.795,4.89090064995357
"TMd21",60,5.665,"PD-1+ CXCR5+ TFH like (% tetramer)","CD8","percentage",8,1.795,3.15598885793872
"IC",8,75.1666666666667,"TCF1+ SLAMF6+ Tsl (% memory)","CD8","percentage",8,75.1666666666667,1
"IC",28,99.2,"TCF1+ SLAMF6+ Tsl (% memory)","CD8","percentage",8,75.1666666666667,1.31973392461197
"SOL",8,89.5,"TCF1+ SLAMF6+ Tsl (% memory)","CD8","percentage",8,89.5,1
"SOL",28,99.3833333333333,"TCF1+ SLAMF6+ Tsl (% memory)","CD8","percentage",8,89.5,1.11042830540037
"TM",8,82.5166666666667,"TCF1+ SLAMF6+ Tsl (% memory)","CD8","percentage",8,82.5166666666667,1
"TM",28,100,"TCF1+ SLAMF6+ Tsl (% memory)","CD8","percentage",8,82.5166666666667,1.21187638860836
"TMd21",8,85.05,"TCF1+ SLAMF6+ Tsl (% memory)","CD8","percentage",8,85.05,1
"TMd21",28,68.65,"TCF1+ SLAMF6+ Tsl (% memory)","CD8","percentage",8,85.05,0.807172251616696
"IC",8,0.341666666666667,"Tetramer+ (% of CD8)","CD8","percentage",8,0.341666666666667,1
"IC",14,0.0806666666666667,"Tetramer+ (% of CD8)","CD8","percentage",8,0.341666666666667,0.23609756097561
"IC",28,0.0381666666666667,"Tetramer+ (% of CD8)","CD8","percentage",8,0.341666666666667,0.111707317073171
"IC",60,0.0525555555555556,"Tetramer+ (% of CD8)","CD8","percentage",8,0.341666666666667,0.153821138211382
"SOL",8,0.217166666666667,"Tetramer+ (% of CD8)","CD8","percentage",8,0.217166666666667,1
"SOL",14,0.0551666666666667,"Tetramer+ (% of CD8)","CD8","percentage",8,0.217166666666667,0.254029163468918
"SOL",28,0.0189591666666667,"Tetramer+ (% of CD8)","CD8","percentage",8,0.217166666666667,0.0873023791250959
"SOL",60,0.0291666666666667,"Tetramer+ (% of CD8)","CD8","percentage",8,0.217166666666667,0.134305448963929
"TM",8,0.305444444444444,"Tetramer+ (% of CD8)","CD8","percentage",8,0.305444444444444,1
"TM",14,0.0862,"Tetramer+ (% of CD8)","CD8","percentage",8,0.305444444444444,0.282211713350309
"TM",28,0.0428333333333333,"Tetramer+ (% of CD8)","CD8","percentage",8,0.305444444444444,0.140232811931611
"TM",60,0.0733888888888889,"Tetramer+ (% of CD8)","CD8","percentage",8,0.305444444444444,0.240269188795926
"TMd21",8,0.200166666666667,"Tetramer+ (% of CD8)","CD8","percentage",8,0.200166666666667,1
"TMd21",14,0.054,"Tetramer+ (% of CD8)","CD8","percentage",8,0.200166666666667,0.26977518734388
"TMd21",28,0.0227425,"Tetramer+ (% of CD8)","CD8","percentage",8,0.200166666666667,0.113617818484596
"TMd21",60,0.0299377777777778,"Tetramer+ (% of CD8)","CD8","percentage",8,0.200166666666667,0.149564252012212
"IC",8,93.3333333333333,"Total sample vol (µL)","CD8","number",8,93.3333333333333,1
"IC",14,105,"Total sample vol (µL)","CD8","number",8,93.3333333333333,1.125
"IC",28,100,"Total sample vol (µL)","CD8","number",8,93.3333333333333,1.07142857142857
"IC",60,100,"Total sample vol (µL)","CD8","number",8,93.3333333333333,1.07142857142857
"SOL",8,93.3333333333333,"Total sample vol (µL)","CD8","number",8,93.3333333333333,1
"SOL",14,105,"Total sample vol (µL)","CD8","number",8,93.3333333333333,1.125
"SOL",28,100,"Total sample vol (µL)","CD8","number",8,93.3333333333333,1.07142857142857
"SOL",60,100,"Total sample vol (µL)","CD8","number",8,93.3333333333333,1.07142857142857
"TM",8,93.3333333333333,"Total sample vol (µL)","CD8","number",8,93.3333333333333,1
"TM",14,104.545454545455,"Total sample vol (µL)","CD8","number",8,93.3333333333333,1.12012987012987
"TM",28,100,"Total sample vol (µL)","CD8","number",8,93.3333333333333,1.07142857142857
"TM",60,100,"Total sample vol (µL)","CD8","number",8,93.3333333333333,1.07142857142857
"TMd21",8,93.3333333333333,"Total sample vol (µL)","CD8","number",8,93.3333333333333,1
"TMd21",14,105,"Total sample vol (µL)","CD8","number",8,93.3333333333333,1.125
"TMd21",28,100,"Total sample vol (µL)","CD8","number",8,93.3333333333333,1.07142857142857
"TMd21",60,100,"Total sample vol (µL)","CD8","number",8,93.3333333333333,1.07142857142857
